id,oib,name,postcode,city,date,amount,description,level_1,level_2,level_3,level_4,function_level_1,function_level_2,function_level_3,function_level_4,comment,update_date
13,96213733249,"AUTOKUĆA CUPAN D.O.O., TRGOVINA I PORAVAK MOTORNIH VOZILA",43211,PREDAVAC,10.01.2019.,"1.772,74 kn","SERVIS SL.AUTA PASSAT BJ-043-GB (PRIJEPIS RN IZ 2017.)",3,32,323,3232,0,01,011,0111,,
14,96213733249,"AUTOKUĆA CUPAN D.O.O., TRGOVINA I PORAVAK MOTORNIH VOZILA",43211,PREDAVAC,07.01.2019.,"2.091,53 kn","SERVIS SL. AUTA PASSAT BJ-043-GB",3,32,323,3232,0,01,011,0111,,
100,22694857747,"EUROHERC OSIGURANJE D.D.",43000,BJELOVAR,10.01.2019.,"1.186,17 kn","OSNOVNO OSIGURANJE ZA SL.AUTO BJ-965-DR",3,32,329,3292,0,01,011,0111,,
123,58990737591,"FRANZ D.O.O.",43000,BJELOVAR,19.11.2018.,"106,00 kn","PIĆA ZA ČL.KOMISIJE I AUTORE NATJEČAJ.RADOVA ZA BARUTANU",3,32,329,3293,0,01,011,0111,,
314,37828020359,"PPK D.D. BJELOVAR",43000,BJELOVAR,23.05.2018.,"201,40 kn","VODA ZA SLUŽBENE AUTOMOBILE",3,32,329,3293,0,01,011,0111,,
402,93692020864,"VAP  OBRT ZA VULKANIZACIJU -VL.HUSKIĆ HENIZ",43000,BJELOVAR,22.01.2019.,"1.707,50 kn","USLUGA PRANJA SL.AUTOMOBILA 12/2018",3,32,323,3239,0,01,011,0111,,
426,65706775101,"AUTO KLUB  BJELOVAR,",43000,BJELOVAR,28.02.2018.,"320,00 kn","ČLANARINA HAK ZA 2018. GODINU TIHOMIR SOLAR",3,32,329,3294,0,01,013,0131,,
427,65706775101,"AUTO KLUB  BJELOVAR,",43000,BJELOVAR,28.02.2018.,"520,00 kn","ČLANARINA HAK ZA 2018. GODINU - TOMISLAV SVEČNJAK",3,32,329,3294,0,01,013,0131,,
428,65706775101,"AUTO KLUB  BJELOVAR,",43000,BJELOVAR,10.10.2018.,"320,00 kn","ČLANARINA ZA VUJIĆ ZVONIMIRA",3,32,329,3294,0,01,013,0131,,
429,08870961602,"AUTOCENTAR RAJKOVIĆ D.O.O.",43000,BJELOVAR,10.07.2018.,"343,75 kn","SERVIS SL. AUTOMOBILA BJ-584-DK",3,32,323,3232,0,01,013,0131,,
430,08870961602,"AUTOCENTAR RAJKOVIĆ D.O.O.",43000,BJELOVAR,27.02.2018.,"1.027,85 kn","SERVIS SL.AUTOMOBILA BJ219GA",3,32,323,3232,0,01,013,0131,,
431,08870961602,"AUTOCENTAR RAJKOVIĆ D.O.O.",43000,BJELOVAR,10.07.2018.,"2.084,90 kn","SERVIS SL. AUTOMOBILA BJ-310-EG",3,32,323,3232,0,01,013,0131,,
432,08870961602,"AUTOCENTAR RAJKOVIĆ D.O.O.",43000,BJELOVAR,10.07.2018.,"3.927,64 kn","SERVIS SL. AUTOMOBILA BJ-310-EG",3,32,323,3232,0,01,013,0131,,
433,08870961602,"AUTOCENTAR RAJKOVIĆ D.O.O.",43000,BJELOVAR,23.05.2018.,"4.325,08 kn","SERVIS SL.AUTOMOBILA BJ043MT",3,32,323,3232,0,01,013,0131,,
434,08870961602,"AUTOCENTAR RAJKOVIĆ D.O.O.",43000,BJELOVAR,12.12.2018.,"101,70 kn","SERVIS SL. AUTA (BJ-043-GP) - ZAMJENA ČEPA ANTIFRIZA",3,32,323,3232,0,01,013,0131,,
435,08870961602,"AUTOCENTAR RAJKOVIĆ D.O.O.",43000,BJELOVAR,08.11.2018.,"683,90 kn","SERVIS SL. VOZILA BJ-043-MT",3,32,323,3232,0,01,013,0131,,
436,08870961602,"AUTOCENTAR RAJKOVIĆ D.O.O.",43000,BJELOVAR,08.11.2018.,"2.656,60 kn","SERVIS SLUŽBENOG AUTOMOBILA BJ043 GP",3,32,323,3232,0,01,013,0131,,
437,08870961602,"AUTOCENTAR RAJKOVIĆ D.O.O.",43000,BJELOVAR,08.11.2018.,"3.071,38 kn","SERVIS SLUŽBENOG AUTOMOBILA BJ584DK",3,32,323,3232,0,01,013,0131,,
438,08870961602,"AUTOCENTAR RAJKOVIĆ D.O.O.",43000,BJELOVAR,31.07.2018.,"28.820,73 kn","OPEL VIVARO COMBI",4,42,423,4231,0,01,013,0131,,
439,96213733249,"AUTOKUĆA CUPAN D.O.O., TRGOVINA I PORAVAK MOTORNIH VOZILA",43211,PREDAVAC,27.08.2018.,"3.221,56 kn","SERVIS SL. AUTOMOBILA BJ-043-GB",3,32,323,3232,0,01,013,0131,,
440,88299555036,"AUTOSERVIS BMD vl. Bernard DražiĆ",51253,BRIBIR,01.06.2018.,"220,00 kn","UGRADNJA I BALANSIRANJE AUTO GUMA SL. AUTOMOBIL BJ-965-DR",3,32,323,3232,0,01,013,0131,,
441,91343500617,"BEGIĆ D.O.O.",43000,BJELOVAR,16.03.2018.,"125,00 kn","USLUGA POPRAVKA AUTOMATIZIRANIH VRATA - GRADSKA UPRAVA",3,32,323,3232,0,01,013,0131,,
474,78938952631,"CEKY GSM j.d.o.o.",43000,BJELOVAR,16.03.2018.,"405,00 kn","AUTO DRŽAČ UNIVERZALNI (5 KOMADA) - P. RADOŠ I SL. AUTOMOBILI",3,32,322,3221,0,01,013,0131,,
500,99681708224,"EUROAGRAM TIS D.O.O. CHV STP EURODUHAN",43000,BJELOVAR,07.05.2018.,"917,09 kn","USL. PRI REGISTRACIJI SL. AUTOMOBILA BJ. 043 GP",3,32,323,3239,0,01,013,0131,,
501,99681708224,"EUROAGRAM TIS D.O.O. CHV STP EURODUHAN",43000,BJELOVAR,29.05.2018.,"964,34 kn","USL. PRI REGISTRACIJI SL. AUTOMOBILA OPEL ASTRA BJ-584-DK",3,32,323,3239,0,01,013,0131,,
502,99681708224,"EUROAGRAM TIS D.O.O. CHV STP EURODUHAN",43000,BJELOVAR,13.06.2018.,"1.010,51 kn","USL. PRI REGISTRACIJI SL. AUTOMOBILA PASSAT BJ-043-GB",3,32,323,3239,0,01,013,0131,,
503,99681708224,"EUROAGRAM TIS D.O.O. CHV STP EURODUHAN",43000,BJELOVAR,26.07.2018.,"99,65 kn","USLUGA IZDAVANJA NOVE PROMETNE DOZVOLE ZA SL.AUTOMOBILHAN",3,32,323,3239,0,01,013,0131,,
506,99681708224,"EUROAGRAM TIS D.O.O. CHV STP EURODUHAN",43000,BJELOVAR,23.07.2018.,"922,34 kn","USL. PRI REGISTRACIJI SL. AUTOMOBILA OPEL MERIVA BJ-310-EGRODUHAN",3,32,323,3239,0,01,013,0131,,
507,22694857747,"EUROHERC OSIGURANJE D.D.",43000,BJELOVAR,03.07.2018.,"1.508,11 kn","OSNOVNO AUTOMOBILSKO OSIGURANJE 26.06.2018.-26.06.2019. SL. AUTOMOBIL BJ-043-MT",3,32,329,3292,0,01,013,0131,,
508,22694857747,"EUROHERC OSIGURANJE D.D.",43000,BJELOVAR,01.06.2018.,"1.534,19 kn","OSNOVNO AUTOMOBLISKO OSIGURANJE 21.05.2018.-21.05.2019. SL. AUTOMOBIL BJ-584-DK",3,32,329,3292,0,01,013,0131,,
509,22694857747,"EUROHERC OSIGURANJE D.D.",43000,BJELOVAR,22.03.2018.,"1.541,52 kn","OSNOVNO AUTOMOBLISKO OSIGURANJE 06.03.2018.-06.03.2019. SL. AUTOMOBIL BJ-219-GA",3,32,329,3292,0,01,013,0131,,
510,22694857747,"EUROHERC OSIGURANJE D.D.",43000,BJELOVAR,22.03.2018.,"1.949,91 kn","KASKO OSIGURANJE SL. AUTOMOBIL BJ219GA  06.03.2018.-06.03.2019.",3,32,329,3292,0,01,013,0131,,
511,22694857747,"EUROHERC OSIGURANJE D.D.",43000,BJELOVAR,03.07.2018.,"4.093,81 kn","KASKO OSIGURANJE SL. AUTOMOBIL BJ-043-MT OD 26.06.2018.-26.06.2019.",3,32,329,3292,0,01,013,0131,,
513,22694857747,"EUROHERC OSIGURANJE D.D.",43000,BJELOVAR,07.05.2018.,"4.565,28 kn","OSIGURANJE OD AUTOMOBILSKE ODGOVORNOSTI I KASKO OSIGURANJE AUTOMOBILA",3,32,329,3292,0,01,013,0131,,
515,22694857747,"EUROHERC OSIGURANJE D.D.",43000,BJELOVAR,03.08.2018.,"1.260,00 kn","OSN. AUTO OSIG. ZA SL. AUTO BJ-310-EG OD 24.07.18-24.07.19.",3,32,329,3292,0,01,013,0131,,
638,57500462912,"HRVATSKE AUTOCESTE D.O.O.",10000,ZAGREB,09.05.2018.,"2.347,80 kn","NADOPLATA ENC UREÐAJA",3,32,321,3211,0,01,013,0131,,
639,57500462912,"HRVATSKE AUTOCESTE D.O.O.",10000,ZAGREB,12.03.2018.,"2.739,10 kn","NADOPLATA ENC UREÐAJA",3,32,321,3211,0,01,013,0131,,
640,57500462912,"HRVATSKE AUTOCESTE D.O.O.",10000,ZAGREB,17.08.2018.,"3.913,00 kn","NADOPLATA ENC UREÐAJA",3,32,321,3211,0,01,013,0131,,
688,42551368255,"HRVATSKI TELEKOM D.D.-T MOBILE",10000,ZAGREB,02.08.2018.,"119,98 kn","AUTO PUNJAČ ZA MOBITEL",3,32,322,3221,0,01,013,0131,,
754,65918029671,"IMPULS LEASING D.O.O.",10090,"ZAGREB - SUSEDGRAD",16.01.2018.,"1.509,45 kn","35. LEASING OBROK ZA 01/2018. SL. AUTOMOBIL BJ219GA OPEL CORSA ENJOY",3,32,323,3235,0,01,013,0131,,
769,27759560625,"INA KARTICA INDUSTRIJA NAFTE D.D. ZAGREB,",10000,ZAGREB,22.02.2018.,"4.209,29 kn","INA KARTICA ZA 01/2018 - GORIVO ZA SL. AUTOMOBILE",3,32,322,3223,0,01,013,0131,,
770,27759560625,"INA KARTICA INDUSTRIJA NAFTE D.D. ZAGREB,",10000,ZAGREB,25.01.2018.,"8.000,90 kn","INA KARTICA GORIVO ZA SL. AUTOMOBILE ZA 12/2017.",3,32,322,3223,0,01,013,0131,,
771,27759560625,"INA KARTICA INDUSTRIJA NAFTE D.D. ZAGREB,",10000,ZAGREB,20.06.2018.,"8.565,33 kn","INA KARTICA ZA 05/2018 - GORIVO ZA SL. AUTOMOBILE",3,32,322,3223,0,01,013,0131,,
772,27759560625,"INA KARTICA INDUSTRIJA NAFTE D.D. ZAGREB,",10000,ZAGREB,23.05.2018.,"8.887,52 kn","INA KARTICA ZA 04/2018 - GORIVO ZA SL. AUTOMOBILE",3,32,322,3223,0,01,013,0131,,
773,27759560625,"INA KARTICA INDUSTRIJA NAFTE D.D. ZAGREB,",10000,ZAGREB,20.04.2018.,"9.381,97 kn","INA KARTICA ZA 03/2018 - GORIVO ZA SL. AUTOMOBILE",3,32,322,3223,0,01,013,0131,,
774,27759560625,"INA KARTICA INDUSTRIJA NAFTE D.D. ZAGREB,",10000,ZAGREB,22.03.2018.,"9.439,21 kn","INA KARTICA ZA 02/2018 - GORIVO ZA SL. AUTOMOBILE",3,32,322,3223,0,01,013,0131,,
776,27759560625,"INA KARTICA INDUSTRIJA NAFTE D.D. ZAGREB,",10000,ZAGREB,28.08.2018.,"5.555,53 kn","INA KARTICA ZA 07/2018 - GORIVO SL. AUTOMOBILI",3,32,322,3223,0,01,013,0131,,
778,27759560625,"INA KARTICA INDUSTRIJA NAFTE D.D. ZAGREB,",10000,ZAGREB,26.10.2018.,"9.246,96 kn","GORIVO ZA SL. AUTOMOBILE ZA 09/2018",3,32,322,3223,0,01,013,0131,,
779,27759560625,"INA KARTICA INDUSTRIJA NAFTE D.D. ZAGREB,",10000,ZAGREB,02.10.2018.,"9.577,99 kn","INA KARTICA ZA 08/2018 - GORIVO ZA SL. AUTOMOBILE",3,32,322,3223,0,01,013,0131,,
780,27759560625,"INA KARTICA INDUSTRIJA NAFTE D.D. ZAGREB,",10000,ZAGREB,19.12.2018.,"9.691,64 kn","INA KARTICA ZA 11/2018 - GORIVO ZA SL. AUTOMOBILE",3,32,322,3223,0,01,013,0131,,
781,27759560625,"INA KARTICA INDUSTRIJA NAFTE D.D. ZAGREB,",10000,ZAGREB,22.11.2018.,"11.339,33 kn","INA KARTICA ZA 10/2018 - GORIVO ZA SL. AUTOMOBILE",3,32,322,3223,0,01,013,0131,,
782,27759560625,"INA KARTICA INDUSTRIJA NAFTE D.D. ZAGREB,",10000,ZAGREB,27.04.2018.,"49,99 kn","ŽARULJA H7 ZA SLUŽBENI AUTO",3,32,322,3224,0,01,013,0131,,
1013,37828020359,"PPK D.D. BJELOVAR",43000,BJELOVAR,28.12.2018.,"159,00 kn","VODA ZA SLUŽBENE AUTOMOBILE",3,32,329,3293,0,01,013,0131,,
1015,99439479072,"PRIOR INŽINJERING D.O.O.",10000,ZAGREB,01.03.2018.,"9.095,62 kn","AUTOCAD MAP 3D LICENCA ZA 2018.G.",4,42,426,4262,0,01,013,0131,,
1082,60898986781,"TRGOVINA - AUTO DUKIĆ VL. DUKIĆ RADMILA",43000,BJELOVAR,17.05.2018.,"177,50 kn","TEKUĆINE ZA STAKLO",3,32,322,3224,0,01,013,0131,,
1083,60898986781,"TRGOVINA - AUTO DUKIĆ VL. DUKIĆ RADMILA",43000,BJELOVAR,03.10.2018.,"140,00 kn","ŽARULJE H-7 (4 KOMADA) ZA SLUŽBENE AUTE",3,32,322,3224,0,01,013,0131,,
1084,60898986781,"TRGOVINA - AUTO DUKIĆ VL. DUKIĆ RADMILA",43000,BJELOVAR,27.07.2018.,"175,00 kn","ŽARULJE ZA SLUŽBENE AUTOMOBILE",3,32,322,3224,0,01,013,0131,,
1085,60898986781,"TRGOVINA - AUTO DUKIĆ VL. DUKIĆ RADMILA",43000,BJELOVAR,30.11.2018.,"345,00 kn","STAKLEX (29 KOM) ZA SL. AUTOMOBILE",3,32,322,3224,0,01,013,0131,,
1092,93692020864,"VAP  OBRT ZA VULKANIZACIJU -VL.HUSKIĆ HENIZ",43000,BJELOVAR,23.05.2018.,"12.891,25 kn","AUTOGUME ZA SLUŽBENA VOZILA 14 KOM.",3,32,322,3225,0,01,013,0131,,
1093,93692020864,"VAP  OBRT ZA VULKANIZACIJU -VL.HUSKIĆ HENIZ",43000,BJELOVAR,28.11.2018.,"8.940,00 kn","AUTO GUME 8 KOM) ZA SL. AUTE (BJ-043-MT I BJ-043-GB) HE",3,32,322,3225,0,01,013,0131,,
1094,93692020864,"VAP  OBRT ZA VULKANIZACIJU -VL.HUSKIĆ HENIZ",43000,BJELOVAR,23.05.2018.,"2.020,00 kn","DEMONTAŽA, SKLADIŠTENJE I MONTAŽA GUMA NA SL. AUTOMOBILE",3,32,323,3232,0,01,013,0131,,
1096,93692020864,"VAP  OBRT ZA VULKANIZACIJU -VL.HUSKIĆ HENIZ",43000,BJELOVAR,19.12.2018.,"1.970,00 kn","DEMONTAŽA, SKLADIŠTENJE I MONTAŽA GUMA NA SL. AUTOMOBILEĆ HE",3,32,323,3232,0,01,013,0131,,
1097,93692020864,"VAP  OBRT ZA VULKANIZACIJU -VL.HUSKIĆ HENIZ",43000,BJELOVAR,27.02.2018.,"1.007,50 kn","USLUGA PRANJA SL. AUTOMOBILA ZA 01/2018",3,32,323,3239,0,01,013,0131,,
1098,93692020864,"VAP  OBRT ZA VULKANIZACIJU -VL.HUSKIĆ HENIZ",43000,BJELOVAR,16.03.2018.,"1.065,00 kn","USLUGA PRANJA SL. AUTOMOBILA ZA 02/2018",3,32,323,3239,0,01,013,0131,,
1099,93692020864,"VAP  OBRT ZA VULKANIZACIJU -VL.HUSKIĆ HENIZ",43000,BJELOVAR,16.04.2018.,"1.200,00 kn","USLUGA PRANJA SL. AUTOMOBILA ZA 03/2018",3,32,323,3239,0,01,013,0131,,
1100,93692020864,"VAP  OBRT ZA VULKANIZACIJU -VL.HUSKIĆ HENIZ",43000,BJELOVAR,15.06.2018.,"1.237,50 kn","USLUGA PRANJA SL. AUTOMOBILA ZA 05/2018",3,32,323,3239,0,01,013,0131,,
1101,93692020864,"VAP  OBRT ZA VULKANIZACIJU -VL.HUSKIĆ HENIZ",43000,BJELOVAR,23.05.2018.,"1.420,00 kn","USLUGA PRANJA SL. AUTOMOBILA ZA 04/2018",3,32,323,3239,0,01,013,0131,,
1102,93692020864,"VAP  OBRT ZA VULKANIZACIJU -VL.HUSKIĆ HENIZ",43000,BJELOVAR,27.08.2018.,"920,00 kn","USL. PRANJA SL. AUTOMOBILA ZA 07/2018",3,32,323,3239,0,01,013,0131,,
1103,93692020864,"VAP  OBRT ZA VULKANIZACIJU -VL.HUSKIĆ HENIZ",43000,BJELOVAR,02.10.2018.,"1.170,00 kn","USL.PRANJA SLUŽB.AUTOMOBILA I KOMBIJA ZA 8/2018.",3,32,323,3239,0,01,013,0131,,
1104,93692020864,"VAP  OBRT ZA VULKANIZACIJU -VL.HUSKIĆ HENIZ",43000,BJELOVAR,19.11.2018.,"1.180,00 kn","PRANJE SL.AUTOMOBILA I KOMBIJA ZA 10/2018.",3,32,323,3239,0,01,013,0131,,
1105,93692020864,"VAP  OBRT ZA VULKANIZACIJU -VL.HUSKIĆ HENIZ",43000,BJELOVAR,22.10.2018.,"1.305,00 kn","PRANJE SLUŽ.AUTOMOBILA I KOMBIJA ZA 9/2018.",3,32,323,3239,0,01,013,0131,,
1106,93692020864,"VAP  OBRT ZA VULKANIZACIJU -VL.HUSKIĆ HENIZ",43000,BJELOVAR,17.12.2018.,"1.382,50 kn","PRANJE SL.AUTOMOBILA I KOMBIJA ZA 11/2018.",3,32,323,3239,0,01,013,0131,,
1107,93692020864,"VAP  OBRT ZA VULKANIZACIJU -VL.HUSKIĆ HENIZ",43000,BJELOVAR,27.07.2018.,"1.457,50 kn","USLUGA PRANJA SLUŽ.AUTOMOBILA I  K0MBIJA ZA 6/2018.HE",3,32,323,3239,0,01,013,0131,,
1738,17436320396,"AQUA CHEM D.O.O.",44310,IVANIĆ-GRAD,31.10.2018.,"937,50 kn","REDOVAN SERVIS AUTOMATSKOG ČISTAČA BAZENA",3,32,323,3232,0,06,062,0620,,
3316,86437447601,"NK M D.O.O.",43227,ŠANDROVAC,15.06.2018.,"5.187,50 kn","ODRŽAVANJE I PRANJE FONTANE I AUTOBUSNIH UGIBALIŠTA ZA 03/2018",3,32,323,3232,0,06,065,0650,,
3317,86437447601,"NK M D.O.O.",43227,ŠANDROVAC,15.06.2018.,"6.187,50 kn","ODRŽAVANJE I PRANJE FONTANE I AUTOBUSNIH UGIBALIŠTA ZA 04/2018",3,32,323,3232,0,06,065,0650,,
3318,86437447601,"NK M D.O.O.",43227,ŠANDROVAC,29.06.2018.,"6.187,50 kn","ODRŽAVANJE I PRANJE FONTANE I AUTOBUSNIH UGIBALIŠTA ZA 05/2018",3,32,323,3232,0,06,065,0650,,
3319,86437447601,"NK M D.O.O.",43227,ŠANDROVAC,28.08.2018.,"6.187,50 kn","ODRŽ. I PRANJE FONTANE I AUTOB. UGIBALIŠTA ZA 07/2018",3,32,323,3232,0,06,065,0650,,
3320,86437447601,"NK M D.O.O.",43227,ŠANDROVAC,17.09.2018.,"6.187,50 kn","ODRŽ.I PRANJE AUTOB.UGIBALIŠTA,FONTANE I PAVILJONA",3,32,323,3232,0,06,065,0650,,
3321,86437447601,"NK M D.O.O.",43227,ŠANDROVAC,28.11.2018.,"6.187,50 kn","ODRŽ. I PRANJE FONTANE I AUTOBUSNIH UGIBALIŠTA ZA 10/2018",3,32,323,3232,0,06,065,0650,,
3322,86437447601,"NK M D.O.O.",43227,ŠANDROVAC,18.12.2018.,"6.875,00 kn","ODRŽ. I PRANJE FONTANE I AUTOBUSNIH UGIBALIŠTA ZA 11/2018",3,32,323,3232,0,06,065,0650,,
3323,86437447601,"NK M D.O.O.",43227,ŠANDROVAC,26.07.2018.,"7.875,00 kn","ODRŽAVANJE I PRANJE FONTANE I AUTOBUUSNIH UGIBALIŠTA 6/18.",3,32,323,3232,0,06,065,0650,,
3324,86437447601,"NK M D.O.O.",43227,ŠANDROVAC,15.10.2018.,"7.875,00 kn","ODRŽ. I PRANJE FONTANE I AUTOBUSNIH UGIBALIŠTA ZA 09/2018",3,32,323,3232,0,06,065,0650,,
3433,94346567134,"VIVI-A  OBRT ZA PRUžANJE USLUGA ČIšĆENJA, VL. DANICA VIVODINAC",43000,BJELOVAR,08.02.2018.,"2.255,00 kn","ODRŽAVANJE ČISTOĆE AUTOBUSNIH STANICA ZA 11/2017",3,32,323,3232,0,06,065,0650,,
3434,94346567134,"VIVI-A  OBRT ZA PRUžANJE USLUGA ČIšĆENJA, VL. DANICA VIVODINAC",43000,BJELOVAR,08.02.2018.,"2.255,00 kn","ODRŽAVANJE AUTOBUSNIH STAJALIŠTA ZA 12/2017",3,32,323,3232,0,06,065,0650,,
3461,23057039320,"ERSTESTEIERMARKISCHE BANK D.D.",51000,RIJEKA,16.04.2018.,"29,08 kn","KTE NA KREDITE ZA KUPNJU  AUTOBUSA 3,92 EUR",3,34,342,3423,0,08,081,0810,,
3462,23057039320,"ERSTESTEIERMARKISCHE BANK D.D.",51000,RIJEKA,23.01.2018.,"42,31 kn","KTE NA KREDIT ZA KUPNJU AUTOBUSA 5,69 EUR",3,34,342,3423,0,08,081,0810,,
3463,23057039320,"ERSTESTEIERMARKISCHE BANK D.D.",51000,RIJEKA,16.04.2018.,"788,00 kn","KTE NA KREDIT ZA KUPNJU AUTOBUSA 106,24 EUR",3,34,342,3423,0,08,081,0810,,
3464,23057039320,"ERSTESTEIERMARKISCHE BANK D.D.",51000,RIJEKA,23.01.2018.,"969,75 kn","KTE NA KREDIT ZA KUPNJU AUTOBUSA 130,43 EUR",3,34,342,3423,0,08,081,0810,,
3466,23057039320,"ERSTESTEIERMARKISCHE BANK D.D.",51000,RIJEKA,19.11.2018.,"86,72 kn","KAMATE NA KREDITE ZA KUPNJU AUTOBUSA (11,68 EUR)",3,34,342,3423,0,08,081,0810,,
3467,23057039320,"ERSTESTEIERMARKISCHE BANK D.D.",51000,RIJEKA,15.10.2018.,"483,68 kn","KTE ZA KREDIT ZA KUPNJU AUTOBUSA (65,28 EUR)",3,34,342,3423,0,08,081,0810,,
3468,23057039320,"ERSTESTEIERMARKISCHE BANK D.D.",51000,RIJEKA,30.07.2018.,"637,14 kn","KTE NA KREDIT ZA KUPNJU AUTOBUSA 86,10 EUR",3,34,342,3423,0,08,081,0810,,
3507,65706775101,"AUTO KLUB  BJELOVAR,",43000,BJELOVAR,25.05.2018.,"1.250,00 kn","PRIJEVOZ ŠTANDOVA OBILJEŽAVANJE 1. SVIBNJA",3,32,323,3239,0,08,082,0820,,
4079,08870961602,"AUTOCENTAR RAJKOVIĆ D.O.O.",43000,BJELOVAR,22.01.2019.,"1.529,00 kn","SERVIS SLUŽBENOG VOZILA BJ043MT",3,32,323,3232,0,01,013,0131,,
4080,08870961602,"AUTOCENTAR RAJKOVIĆ D.O.O.",43000,BJELOVAR,30.01.2019.,"1.974,51 kn","SERVIS SLUŽBENOG VOZILA BJ-043-MT",3,32,323,3232,0,01,013,0131,,
4081,08870961602,"AUTOCENTAR RAJKOVIĆ D.O.O.",43000,BJELOVAR,06.02.2019.,"9.104,29 kn","SERVIS SLUŽBENOG VOZILA BJ043GP",3,32,323,3232,0,01,013,0131,,
4082,08870961602,"AUTOCENTAR RAJKOVIĆ D.O.O.",43000,BJELOVAR,18.02.2019.,"2.302,45 kn","SERVIS SLUŽBENOG VOZILA BJ-219-GA",3,32,323,3232,0,01,013,0131,,
4156,22694857747,"EUROHERC OSIGURANJE D.D.",43000,BJELOVAR,15.03.2019.,"3.764,56 kn","OSNOVNO I KASKO OSIGURANJE SL. AUTOMOBIL BJ-219-GA  06.03.2019.-06.03.2020.",3,32,329,3292,0,01,013,0131,,
4165,23057039320,"ERSTESTEIERMARKISCHE BANK D.D.",51000,RIJEKA,21.01.2019.,"321,42 kn","KTE NA KREDIT ZA KUPNJU AUTOBUSA 43,26 EUR",3,34,342,3423,0,08,081,0810,,
4193,27759560625,"INA KARTICA INDUSTRIJA NAFTE D.D. ZAGREB,",10000,ZAGREB,31.01.2019.,"7.422,30 kn","INA KARTICA ZA 12/2018.- GORIVO ZA SL.AUTOMOBILE",3,32,322,3223,0,01,013,0131,,
4195,27759560625,"INA KARTICA INDUSTRIJA NAFTE D.D. ZAGREB,",10000,ZAGREB,22.02.2019.,"8.546,54 kn","INA KARTICA ZA 01/2019 - GORIVO ZA SL.AUTOMOBILE",3,32,322,3223,0,01,013,0131,,
4197,27759560625,"INA KARTICA INDUSTRIJA NAFTE D.D. ZAGREB,",10000,ZAGREB,20.03.2019.,"7.559,57 kn","INA KARTICA ZA 02/2019 - GORIVO ZA SL. AUTOMOBILE",3,32,322,3223,0,01,013,0131,,
4667,57500462912,"HRVATSKE AUTOCESTE D.O.O.",10000,ZAGREB,15.03.2019.,"122,00 kn","ENC UREÐAJ (ZAMJENA STAROG) - SLUŽBENI KOMBI",3,32,329,3299,0,01,013,0131,,
4668,57500462912,"HRVATSKE AUTOCESTE D.O.O.",10000,ZAGREB,15.03.2019.,"244,00 kn","ENC UREÐAJ (2 KOMADA - ZAMJENA STARIH) - SLUŽBENI AUTOMOBILI",3,32,329,3299,0,01,013,0131,,
4753,65706775101,"AUTO KLUB  BJELOVAR,",43000,BJELOVAR,27.02.2019.,"320,00 kn","ČLANARINA HAK ZA 2019. GODINU - TIHOMIR SOLAR",3,32,329,3294,0,01,013,0131,,
4754,65706775101,"AUTO KLUB  BJELOVAR,",43000,BJELOVAR,27.02.2019.,"520,00 kn","ČLANARINA HAK ZA 2019. GODINU - TOMISLAV SVEČNJAK",3,32,329,3294,0,01,013,0131,,
4846,77903325549,"TERMOPLIN   BJELOVAR,",43000,BJELOVAR,07.03.2019.,"462,50 kn","USL. POVEĆANJA TEMPERATURE NA AUTOMATICI I PROVJERA ISPRAVNOSTI RADA - GRADSKA UPRAVA",3,32,323,3232,0,01,013,0131,,
4883,82990695600,"A.C.D. d.o.o.",43000,BJELOVAR,14.03.2019.,"24,00 kn","ŽARULJE (6 KOM) ZA SL. AUTOMOBILE",3,32,322,3224,0,01,013,0131,,
4932,86437447601,"NK M D.O.O.",43227,ŠANDROVAC,04.02.2019.,"5.187,50 kn","ODRŽ. I PRANJE FONTANE I AUTOBUSNIH UGIBALIŠTA ZA 12/2018",3,32,323,3232,0,06,065,0650,,
4933,86437447601,"NK M D.O.O.",43227,ŠANDROVAC,18.02.2019.,"4.500,00 kn","ODRŽ. I PRANJE FONTANE I AUTOBUSNIH UGIBALIŠTA ZA 01/2019",3,32,323,3232,0,06,065,0650,,
4934,86437447601,"NK M D.O.O.",43227,ŠANDROVAC,12.03.2019.,"6.187,50 kn","ODRŽAVANJE I PRANJE FONTANE I AUTOBUSNIH UGIBALIŠTA ZA 02/2019",3,32,323,3232,0,06,065,0650,,
4994,93692020864,"VAP  OBRT ZA VULKANIZACIJU -VL.HUSKIĆ HENIZ",43000,BJELOVAR,25.02.2019.,"1.525,00 kn","USLUGA PRANJA SL.AUTOMOBILA ZA 01/2019",3,32,323,3239,0,01,013,0131,,
4995,93692020864,"VAP  OBRT ZA VULKANIZACIJU -VL.HUSKIĆ HENIZ",43000,BJELOVAR,15.03.2019.,"1.410,00 kn","USLUGA PRANJA SL. AUTOMOBILA ZA 02/2019",3,32,323,3239,0,01,013,0131,,
5021,99439479072,"PRIOR INŽINJERING D.O.O.",10000,ZAGREB,18.02.2019.,"9.750,00 kn","AUTOCAD MAP 3D LICENCA ZA 2019.GODINU",4,42,426,4262,0,01,013,0131,,
7465,03994167960,"JAGODIĆ VEDRAN",43000,BJELOVAR,25.01.2018.,"21.991,14 kn","UKUPNI TROŠAK: AUTORSKI HONORAR - NOVA GODINA 2018 - JAGODIĆ",,,,,,,,,,
7466,70399135546,"IVANČEK KREŠIMIR",43000,BJELOVAR,16.10.2018.,"671,95 kn","UKUPNI TROŠAK: AUTORSKI HONORAR -OBLIKOVANJE PRIZNANJA ZA  DAN GRADA BJELOVARA 2018.",,,,,,,,,,
7467,52279343743,"RIDANOVIĆ ORJEN",10000,ZAGREB,23.07.2018.,"6.151,04 kn","UKUPNI TROŠAK: AUTORSKI HONORAR - JAZZICA FESTIVAL -  GLAZBENI SASTAV ORIDANO GYPSY JAZZ BAND",,,,,,,,,,
7468,83211643557,"DAMJANOVIĆ MARKO",43000,BJELOVAR,25.07.2018.,"3.665,20 kn","UKUPNI TROŠAK: AUTORSKI HONORAR - NASTUP NA GRADSKOM BAZENU - APOLLO FM",,,,,,,,,,
7469,86011753333,"SALOPEK IVANA",10000,ZAGREB,10.08.2018.,"24.604,19 kn","UKUPNI TROŠAK: AUTORSKI HONORAR - IDEJNO RJEŠENJE BARUTANA",,,,,,,,,,
7470,79250484167,"JEŽEK IVAN",42250,LEPOGLAVA,10.08.2018.,"1.824,21 kn","UKUPNI TROŠAK: AUTORSKI HONORAR - BJ.KULT.LJETO -  GLAZB.SASTAV STRINGS KYZ&SAX",,,,,,,,,,
7471,13551328071,"MILIĆ TOMISLAV",43500,DARUVAR,10.08.2018.,"2.067,50 kn","UKUPNI TROŠAK: AUTORSKI HONORAR - BJ.KULT.LJETO -  GLAZB. IZVOÐAČ MIRNA RUŽIĆ",,,,,,,,,,
7472,68501454866,"STRIKA LIDIJA",51215,KASTAV,10.08.2018.,"6.989,69 kn","UKUPNI TROŠAK: AUTORSKI HONORAR - BJ.KULT.LJETO -  GL.SASTAV HI FLY",,,,,,,,,,
7473,65023171309,"VRABEC JAN",51215,KASTAV,10.08.2018.,"5.351,69 kn","UKUPNI TROŠAK: AUTORSKI HONORAR - IDEJNO RJEŠENJE - BARUTANA",,,,,,,,,,
7474,42850100719,"KOŠI FILIP",10360,"MARKOVO POLJE",10.08.2018.,"4.871,63 kn","UKUPNI TROŠAK: AUTORSKI HONORAR - IDEJNO RJEŠENJE - BARUTANA",,,,,,,,,,
7475,26674792018,"ŠOKEC PLEPELIĆ VIKTORIA",10150,"VELIKA GORICA",10.08.2018.,"5.713,53 kn","UKUPNI TROŠAK: AUTORSKI HONORAR - IDEJNO RJEŠENJE - BARUTANA",,,,,,,,,,
7476,29994290960,"STELLA ELENA",23000,ZADAR,10.08.2018.,"7.330,37 kn","UKUPNI TROŠAK: AUTORSKI HONORAR - NASTUP NA JAZZICA FESTIVALU",,,,,,,,,,
7477,40421579733,"RUŽIĆ ZVJEZDAN",51211,MATULJI,10.08.2018.,"12.189,30 kn","UKUPNI TROŠAK: AUTORSKI HONORAR  -NASTUP NA JAZZICA FESTIVALU -  ZVJEZDAN RUŽIĆ TRIO",,,,,,,,,,
7478,89655335888,GAVRIĆLEO,10040,DUBRAVA,10.08.2018.,"9.841,67 kn","UKUPNI TROŠAK: AUTORSKI HONORAR - IDEJNO RJEŠENJE - BARUTANA",,,,,,,,,,
7479,68501454866,"STRIKA LIDIJA",51215,KASTAV,11.09.2018.,"6.989,69 kn","UKUPNI TROŠAK: AUTORSKI HONORAR  - BJ.KUL.LJETO -  GLAZBENI SASTAV HAT TRICK",,,,,,,,,,
7480,66466125578,"REBERŠAK RAMON",43000,BJELOVAR,11.09.2018.,"8.167,71 kn","UKUPNI TROŠAK: AUTORSKI HONORAR - BJ.KUL.LJETO -  GLAZBENI SASTAV MARIACI EL COMBO",,,,,,,,,,
7481,79250484167,"JEŽEK IVAN",42250,LEPOGLAVA,11.09.2018.,"1.824,21 kn","UKUPNI TROŠAK: AUTORSKI HONORAR - BJ.KUL.LJETO -  GLAZBENI SASTAV VS.QUARTET",,,,,,,,,,
7482,50365253564,"MARŠIĆ ZORAN",43000,BJELOVAR,11.09.2018.,"3.054,33 kn","UKUPNI TROŠAK: AUTORSKI HONORAR - BJ.KUL.LJETO -  GLAZBENI SASTAV BARIQUE",,,,,,,,,,
7483,42388343486,"BIŠĆAN BRUNO",43000,BJELOVAR,17.09.2018.,"2.443,45 kn","UKUPNI TROŠAK: AUTORSKI HONORAR - BJ.KULT.LJET -  GLAZBENI SASTAV JAZZ REVIVAL",,,,,,,,,,
7484,25409781193,"MIKŠIĆ MARIO",47000,KARLOVAC,27.09.2018.,"18.325,96 kn","UKUPNI TROŠAK: AUTORSKI HONORAR - NASTUP DAN GRADA -  GLAZBENI SASTAV ROMANTIC (PRATNJA MLADENU GRDOVIĆU)",,,,,,,,,,
7485,87251892615,"VINCEK DRAGUTIN",42202,"TRNOVEC BARTOLOVEČKI",28.09.2018.,"6.796,77 kn","UKUPNI TROŠAK: AUTORSKI HONORAR - BJELOVARSKI KVARGL -  ZAŠTITA ZEMLJ.PODRIJETLA NA RAZINI EU",,,,,,,,,,
9643,23057039320,"ERSTESTEIERMARKISCHE BANK D.D.",51000,RIJEKA,03.01.2019.,"13.004,51 kn","OTPL.RATE DUGOR.KREDITA ZA KUPNJU -AUTOBUSA ZA RUKOMETNI KLUB",5,54,544,5443,0,08,081,0810,,
10401,23057039320,"ERSTESTEIERMARKISCHE BANK D.D.",51000,RIJEKA,01.04.2019.,"12.935,48 kn","OTPL.RATE DUGOR.KREDITA ZA KUPNJU AUTOBUSA ZA RUKOMETNI KLUB",5,54,544,5443,0,08,081,0810,,
10464,03994167960,"JAGODIĆ VEDRAN",43000,BJELOVAR,17.01.2019.,"26.878,07 kn","AUTORSKI UGOVOR O DJELU - DOĆEK NOVE GODINE - JAGODIĆ",3,32,323,3237,0,08,082,0820,,
10524,08870961602,"AUTOCENTAR RAJKOVIĆ D.O.O.",43000,BJELOVAR,24.04.2019.,"770,09 kn","SERVIS SLUŽBENOG VOZILA BJ-310-EG",3,32,323,3232,0,01,013,0131,,
10525,08870961602,"AUTOCENTAR RAJKOVIĆ D.O.O.",43000,BJELOVAR,24.04.2019.,"3.988,91 kn","SERVIS SLUŽBENOG VOZILA BJ-965-DR",3,32,323,3232,0,01,013,0131,,
10526,08870961602,"AUTOCENTAR RAJKOVIĆ D.O.O.",43000,BJELOVAR,10.05.2019.,"2.068,20 kn","SERVIS SLUŽBENOG VOZILA BJ-310-EG",3,32,323,3232,0,01,013,0131,,
10527,08870961602,"AUTOCENTAR RAJKOVIĆ D.O.O.",43000,BJELOVAR,31.05.2019.,"367,88 kn","SERVIS SLUŽBENOG VOZILA BJ-043-GP",3,32,323,3232,0,01,013,0131,,
10528,08870961602,"AUTOCENTAR RAJKOVIĆ D.O.O.",43000,BJELOVAR,26.06.2019.,"18.641,53 kn","OPEL ASTRA 1.4 - OTKUP SL. VOZILA NAKON ISTEKA LEASINGA",4,42,423,4231,0,01,013,0131,,
10529,08870961602,"AUTOCENTAR RAJKOVIĆ D.O.O.",43000,BJELOVAR,28.06.2019.,"3.752,65 kn","SERVIS SLUŽBENOG VOZILA BJ-043-MT",3,32,323,3232,0,01,013,0131,,
10530,08870961602,"AUTOCENTAR RAJKOVIĆ D.O.O.",43000,BJELOVAR,28.06.2019.,"2.605,48 kn","SERVIS SLUŽBENOG VOZILA OPEL MERIVA BJ-310-EG",3,32,323,3232,0,01,013,0131,,
10632,22694857747,"EUROHERC OSIGURANJE D.D.",43000,BJELOVAR,22.05.2019.,"1.565,51 kn","OSNOVNO AUTOMOBLISKO OSIGURANJE 21.05.2019.-21.05.2020. SL. AUTOMOBIL BJ-584-DK",3,32,329,3292,0,01,013,0131,,
10634,22694857747,"EUROHERC OSIGURANJE D.D.",43000,BJELOVAR,06.06.2019.,"4.174,46 kn","KASKO OSIGURANJE SL. AUTOMOBIL OPEL VIVARO BJ-043-MT OD 26.06.2019.-26.06.2020.",3,32,329,3292,0,01,013,0131,,
10636,22694857747,"EUROHERC OSIGURANJE D.D.",43000,BJELOVAR,06.06.2019.,"1.523,27 kn","OSNOVNO OSIGURANJE SL. AUTOMOBIL OPEL VIVARO BJ-043-MT OD 24.06.2019.-24.06.2020.",3,32,329,3292,0,01,013,0131,,
10637,23057039320,"ERSTESTEIERMARKISCHE BANK D.D.",51000,RIJEKA,04.04.2019.,"155,66 kn","KAMATA NA KREDIT ZA KUPNJU AUTOBUSA 20,95 EUR",3,34,342,3423,0,08,081,0810,,
10666,27759560625,"INA KARTICA INDUSTRIJA NAFTE D.D. ZAGREB,",10000,ZAGREB,23.04.2019.,"8.933,60 kn","INA KARTICA ZA 03/2019 - GORIVO ZA SL. AUTOMOBILE",3,32,322,3223,0,01,013,0131,,
10668,27759560625,"INA KARTICA INDUSTRIJA NAFTE D.D. ZAGREB,",10000,ZAGREB,22.05.2019.,"8.875,20 kn","INA KARTICA ZA 04/2019 - GORIVO ZA SL. AUTOMOBILE",3,32,322,3223,0,01,013,0131,,
10670,27759560625,"INA KARTICA INDUSTRIJA NAFTE D.D. ZAGREB,",10000,ZAGREB,19.06.2019.,"11.830,50 kn","INA KARTICA ZA 05/2019 - GORIVO ZA SL. AUTOMOBILE",3,32,322,3223,0,01,013,0131,,
10933,37828020359,"PPK D.D. BJELOVAR",43000,BJELOVAR,21.06.2019.,"127,20 kn","VODA ZA SLUŽBENE AUTOMOBILE",3,32,329,3293,0,01,013,0131,,
11187,56668956985,"HRVATSKO DRUŠTVO SKLADATELJA",10000,ZAGREB,14.06.2019.,"3.011,89 kn","NAKNADA ZA AUTORSKA PRAVA OD 2016.-2018. GODINE - 1. RATA PO UGOVORU",3,32,329,3299,0,08,082,0820,,
11188,56668956985,"HRVATSKO DRUŠTVO SKLADATELJA",10000,ZAGREB,14.06.2019.,"4.136,10 kn","NAKNADA ZA AUTORSKA PRAVA OD 2016.-2018. GODINE - 1. RATA PO UGOVORU",3,32,329,3299,0,08,082,0820,,
11189,56668956985,"HRVATSKO DRUŠTVO SKLADATELJA",10000,ZAGREB,28.06.2019.,"2.900,00 kn","NAKNADA ZA AUTORSKA PRAVA OD 2016.-2018. GODINE - 2. RATA PO UGOVORU",3,32,329,3299,0,08,082,0820,,
11190,56668956985,"HRVATSKO DRUŠTVO SKLADATELJA",10000,ZAGREB,28.06.2019.,"3.500,00 kn","NAKNADA ZA AUTORSKA PRAVA OD 2016.-2018. GODINE - 2. RATA PO UGOVORU",3,32,329,3299,0,08,082,0820,,
11193,57500462912,"HRVATSKE AUTOCESTE D.O.O.",10000,ZAGREB,08.05.2019.,"4.000,00 kn","NADOPLATA ENC UREÐAJA ZA SLUŽBENA VOZILA GRADA BJELOVARA",3,32,321,3211,0,01,013,0131,,
11298,65706775101,"AUTO KLUB  BJELOVAR,",43000,BJELOVAR,18.04.2019.,"412,50 kn","USLUGA PRIJEVOZA PISANICA (DOVOZ I ODVOZ) - PISANICOM DO USKRSA 2019",3,32,323,3231,0,04,049,0490,,
11299,65706775101,"AUTO KLUB  BJELOVAR,",43000,BJELOVAR,28.05.2019.,"1.125,00 kn","PRIJEVOZ ŠTANDOVA OBILJEŽAVANJE 1. SVIBNJA",3,32,323,3239,0,08,082,0820,,
11332,69634883789,"METALAC D.O.O.",43000,BJELOVAR,03.04.2019.,"136.750,00 kn","IZRADA I POSTAVA NOVIH, POPRAVAK I PREMJEŠTANJE POSTOJEĆIH AUTOBUSNIH NADSTREŠNICA",3,32,323,3232,0,06,065,0650,,
11335,72148674282,"AUTOBUSNI PRIJEVOZNIK IVO EXPRES",40000,ČAKOVEC,21.05.2019.,"1.800,00 kn","USL. PRIJEVOZA ČAKOVEC-BJELOVAR - ZA MANIFESTACIJU SAJAM CVIJEĆA",3,32,323,3231,0,04,049,0490,,
11353,74162275661,"EMSO E-MOBILITY SOLUTIONS d.o.o.",10150,"VELIKA GORICA",24.06.2019.,"7.450,00 kn","IZRADA GLAVNOG PROJEKTA ELEKTRO PUNIONICE ZA AUTOMOBILE  PPO",4,42,426,4263,0,05,055,0550,,
11512,86437447601,"NK M D.O.O.",43227,ŠANDROVAC,18.04.2019.,"8.312,50 kn","ODRŽAVANJE I PRANJE FONTANE I AUTOBUSNIH UGIBALIŠTA ZA 03/2019",3,32,323,3232,0,06,065,0650,,
11513,86437447601,"NK M D.O.O.",43227,ŠANDROVAC,15.05.2019.,"8.312,50 kn","ODRŽAVANJE I PRANJE FONTANE I AUTOBUSNIH UGIBALIŠTA ZA 04/2019",3,32,323,3232,0,06,065,0650,,
11514,86437447601,"NK M D.O.O.",43227,ŠANDROVAC,14.06.2019.,"8.312,50 kn","ODRŽAVANJE I PRANJE FONTANE I AUTOBUSNIH UGIBALIŠTA ZA 05/2019",3,32,323,3232,0,06,065,0650,,
11598,93692020864,"VAP  OBRT ZA VULKANIZACIJU -VL.HUSKIĆ HENIZ",43000,BJELOVAR,18.04.2019.,"1.640,00 kn","USLUGA PRANJA SL. AUTOMOBILA ZA 03/2019",3,32,323,3239,0,01,013,0131,,
11599,93692020864,"VAP  OBRT ZA VULKANIZACIJU -VL.HUSKIĆ HENIZ",43000,BJELOVAR,09.05.2019.,"4.493,90 kn","AUTOGUME (4 KOM) ZA SLUŽBENO VOZILO OPEL ASTRA BJ-043-GP",3,32,322,3225,0,01,013,0131,,
11600,93692020864,"VAP  OBRT ZA VULKANIZACIJU -VL.HUSKIĆ HENIZ",43000,BJELOVAR,21.05.2019.,"2.035,00 kn","USLUGA PRANJA SL. AUTOMOBILA ZA 04/2019",3,32,323,3239,0,01,013,0131,,
11601,93692020864,"VAP  OBRT ZA VULKANIZACIJU -VL.HUSKIĆ HENIZ",43000,BJELOVAR,22.05.2019.,"2.170,00 kn","DEMONTAŽA, SKLADIŠTENJE I MONTAŽA GUMA NA SL. AUTOMOBILE",3,32,323,3232,0,01,013,0131,,
11602,93692020864,"VAP  OBRT ZA VULKANIZACIJU -VL.HUSKIĆ HENIZ",43000,BJELOVAR,14.06.2019.,"1.570,00 kn","USLUGA PRANJA SL. AUTOMOBILA ZA 05/2019",3,32,323,3239,0,01,013,0131,,
11636,99681708224,"EUROAGRAM TIS D.O.O. CHV STP EURODUHAN",43000,BJELOVAR,22.05.2019.,"922,34 kn","USL. PRI REGISTRACIJI SL. AUTOMOBILA OPEL ASTRA BJ-584-DK",3,32,323,3239,0,01,013,0131,,
11637,99681708224,"EUROAGRAM TIS D.O.O. CHV STP EURODUHAN",43000,BJELOVAR,06.06.2019.,"1.010,51 kn","USL. PRI REGISTRACIJI SL. AUTOMOBILA PASSAT BJ-043-GB",3,32,323,3239,0,01,013,0131,,
11638,99681708224,"EUROAGRAM TIS D.O.O. CHV STP EURODUHAN",43000,BJELOVAR,26.06.2019.,"1.080,51 kn","USL. PRI REGISTRACIJI SL. AUTOMOBILA OPEL VIVARO BJ043MT",3,32,323,3239,0,01,013,0131,,
12158,80014569411,"BEKAVAC IVANA",43000,BJELOVAR,07.05.2019.,"93,90 kn","PN-118/26.4.2019.RADIONICA ZA PROJEKTMI TO MOŽEMO-AUTOBUSNA KARTA",3,32,321,3211,0,01,013,0131,,
12228,73783987778,"AUTO HRVOJE J.D.O.O.",43000,BJELOVAR,22.05.2019.,"20.000,00 kn","NABAVA I UGRADNJA STROJEVA I OPREME",3,35,352,3522,0,04,049,0490,,
12234,81236058216,"AUTO SERVIS IVAN J.D.O.O.",43000,BJELOVAR,30.05.2019.,"20.000,00 kn","NABAVA I UGRADNJA STROJEVA I OPREME",3,35,352,3522,0,04,049,0490,,
12241,08037574686,"AUTO SAŠA J.D.O.O.",43000,BJELOVAR,30.05.2019.,"17.996,30 kn","NABAVA I UGRADNJA STROJEVA I OPREME",3,35,352,3522,0,04,049,0490,,
12277,75580387954,"AUTODIAGNOSTIK D.O.O.",43000,BJELOVAR,12.06.2019.,"100.000,00 kn","NAGRADA ZA NAJBOLJI START UP",3,35,352,3522,0,04,049,0490,,
13017,22694857747,"EUROHERC OSIGURANJE D.D.",43000,BJELOVAR,30.07.2019.,"1.276,70 kn","OSNOVNO OSIGURANJE SL. AUTOMOBIL OPEL MERIVA BJ-310-EG OD 24.07.2019.-24.07.2020.",3,32,329,3292,0,01,013,0131,,
13033,27759560625,"INA KARTICA INDUSTRIJA NAFTE D.D. ZAGREB,",10000,ZAGREB,19.07.2019.,"7.367,48 kn","INA KARTICA ZA 06/2019 - GORIVO ZA SL. AUTOMOBILE",3,32,322,3223,0,01,013,0131,,
13214,57500462912,"HRVATSKE AUTOCESTE D.O.O.",10000,ZAGREB,17.07.2019.,"2.000,00 kn","NADOPLATA ENC UREÐAJA ZA SLUŽBENO VOZILO GRADA BJELOVARA - KOMBI",3,32,321,3211,0,01,013,0131,,
13308,86437447601,"NK M D.O.O.",43227,ŠANDROVAC,15.07.2019.,"9.375,00 kn","ODRŽAVANJE I PRANJE FONTANE I AUTOBUSNIH UGIBALIŠTA ZA 06/2019",3,32,323,3232,0,06,065,0650,,
13350,93692020864,"VAP  OBRT ZA VULKANIZACIJU -VL.HUSKIĆ HENIZ",43000,BJELOVAR,15.07.2019.,"2.175,00 kn","USLUGA PRANJA SL. AUTOMOBILA ZA 06/2019",3,32,323,3239,0,01,013,0131,,
13354,96213733249,"AUTOKUĆA CUPAN D.O.O., TRGOVINA I PORAVAK MOTORNIH VOZILA",43211,PREDAVAC,05.07.2019.,"4.262,71 kn","SERVIS SL. AUTOMOBILA PASSAT BJ-043-GB",3,32,323,3232,0,01,013,0131,,
14062,27759560625,"INA KARTICA INDUSTRIJA NAFTE D.D. ZAGREB,",10000,ZAGREB,23.08.2019.,"6.926,63 kn","INA KARTICA ZA 7/2019 - GORIVO ZA SL. AUTOMOBILE",3,32,322,3223,0,01,013,0131,,
14142,37828020359,"PPK D.D. BJELOVAR",43000,BJELOVAR,28.08.2019.,"171,72 kn","VODA ZA SLUŽBENE AUTOMOBILE",3,32,329,3293,0,01,013,0131,,
14225,56668956985,"HRVATSKO DRUŠTVO SKLADATELJA",10000,ZAGREB,14.08.2019.,"2.900,00 kn","NAKNADA ZA AUTORSKA PRAVA OD 2016.-2018. GODINE - 3. RATA PO UGOVORU",3,32,329,3299,0,08,082,0820,,
14226,56668956985,"HRVATSKO DRUŠTVO SKLADATELJA",10000,ZAGREB,14.08.2019.,"3.500,00 kn","NAKNADA ZA AUTORSKA PRAVA OD 2016.-2018. GODINE - 3. RATA PO UGOVORU",3,32,329,3299,0,08,082,0820,,
14227,56668956985,"HRVATSKO DRUŠTVO SKLADATELJA",10000,ZAGREB,14.08.2019.,"2.175,00 kn","NAKNADA ZA AUTORSKA PRAVA NASTUP GRUPA HOT STUFF DOČEK NOVE 2018. GODINE",3,32,329,3299,0,08,082,0820,,
14228,56668956985,"HRVATSKO DRUŠTVO SKLADATELJA",10000,ZAGREB,28.08.2019.,"841,83 kn","NAKNADA ZA AUTORSKA PRAVA NASTUP NA JAZZICA FEST ZA VASIL HADŽIMANOV BAND",3,32,329,3299,0,08,082,0820,,
14229,56668956985,"HRVATSKO DRUŠTVO SKLADATELJA",10000,ZAGREB,28.08.2019.,"333,35 kn","NAKNADA ZA AUTORSKA PRAVA NASTUP NA JAZZICA FEST ZA BRUNO MIČETIć QUINTET",3,32,329,3299,0,08,082,0820,,
14230,56668956985,"HRVATSKO DRUŠTVO SKLADATELJA",10000,ZAGREB,28.08.2019.,"931,88 kn","NAKNADA ZA AUTORSKA PRAVA NASTUP NA JAZZICA FEST ZA MATIJA DEDIć & ZVJEZDAN RUŽIć",3,32,329,3299,0,08,082,0820,,
14231,56668956985,"HRVATSKO DRUŠTVO SKLADATELJA",10000,ZAGREB,28.08.2019.,"776,56 kn","NAKNADA ZA AUTORSKA PRAVA NASTUP NA JAZZICA FEST ZA VEDRAN RUŽIć PROJECT - LIBERTIN",3,32,329,3299,0,08,082,0820,,
14294,86437447601,"NK M D.O.O.",43227,ŠANDROVAC,16.08.2019.,"9.375,00 kn","ODRŽAVANJE I PRANJE FONTANE I AUTOBUSNIH UGIBALIŠTA ZA 07/2019",3,32,323,3232,0,06,065,0650,,
14301,88299555036,"AUTOSERVIS BMD vl. Bernard Dražić",51253,BRIBIR,07.08.2019.,"560,00 kn","SERVIS SLUŽBENOG VOZILA BJ-310-EG",3,32,323,3232,0,01,013,0131,,
14312,93692020864,"VAP  OBRT ZA VULKANIZACIJU -VL.HUSKIć HENIZ",43000,BJELOVAR,14.08.2019.,"2.175,00 kn","USLUGA PRANJA SL. AUTOMOBILA ZA 07/2019",3,32,323,3239,0,01,013,0131,,
14565,08870961602,"AUTOCENTAR RAJKOVIĆ D.O.O.",43000,BJELOVAR,13.09.2019.,"819,03 kn","SERVIS SLUŽBENOG VOZILA BJ-043-GP",3,32,323,3232,0,01,013,0131,,
14614,27759560625,"INA KARTICA INDUSTRIJA NAFTE D.D. ZAGREB,",10000,ZAGREB,23.09.2019.,"7.732,69 kn","INA KARTICA - GORIVO ZA SL. AUTOMOBILE ZA 08/2019.",3,32,322,3223,0,01,013,0131,,
14775,53540975485,"HAK-HRVATSKI AUTOKLUB",10010,"ZAGREB - SLOBOŠTINA",13.09.2019.,"320,00 kn","ČLANARINA HAK 2019. Z.VUJIĆ",3,32,329,3294,0,01,013,0131,,
14790,56668956985,"HRVATSKO DRUŠTVO SKLADATELJA",10000,ZAGREB,03.09.2019.,"2.900,00 kn","NAKNADA ZA AUTORSKA PRAVA BJELOVARSKO KULTURNO LJETO",3,32,329,3299,0,08,082,0820,,
14791,56668956985,"HRVATSKO DRUŠTVO SKLADATELJA",10000,ZAGREB,03.09.2019.,"3.500,00 kn","NAKNADA ZA AUTORSKA PRAVA BJELOVARSKO KULTURNO LJETO",3,32,329,3299,0,08,082,0820,,
14792,56668956985,"HRVATSKO DRUŠTVO SKLADATELJA",10000,ZAGREB,30.09.2019.,"3.500,00 kn","NAKNADA ZA AUTORSKA PRAVA PREMA UGOVORU ZA 2018. GODINU",3,32,329,3299,0,08,082,0820,,
14793,56668956985,"HRVATSKO DRUŠTVO SKLADATELJA",10000,ZAGREB,30.09.2019.,"2.900,00 kn","NAKNADA ZA AUTORSKA PRAVA PREMA UGOVORUZA 2018. GODINU",3,32,329,3299,0,08,082,0820,,
14796,57500462912,"HRVATSKE AUTOCESTE D.O.O.",10000,ZAGREB,24.09.2019.,"3.000,00 kn","NADOPLATA ENC UREÐAJA ZA SLUŽBENA VOZILA GRADA BJELOVARA",3,32,321,3211,0,01,013,0131,,
14875,86437447601,"NK M D.O.O.",43227,ŠANDROVAC,16.09.2019.,"9.375,00 kn","ODRŽAVANJE I PRANJE FONTANE I AUTOBUSNIH UGIBALIŠTA ZA 08/2019",3,32,323,3232,0,06,065,0650,,
14904,93692020864,"VAP  OBRT ZA VULKANIZACIJU -VL.HUSKIĆ HENIZ",43000,BJELOVAR,16.09.2019.,"2.100,00 kn","USLUGA PRANJA SL. AUTOMOBILA ZA 08/2019",3,32,323,3239,0,01,013,0131,,
15197,08870961602,"AUTOCENTAR RAJKOVIĆ D.O.O.",43000,BJELOVAR,04.10.2019.,"75,25 kn","SERVIS SL.VOZILA OPEL ASTRA BJ584DK",3,32,323,3232,0,01,013,0131,,
15198,08870961602,"AUTOCENTAR RAJKOVIĆ D.O.O.",43000,BJELOVAR,24.10.2019.,"1.307,05 kn","SERVIS SLUŽBENOG VOZILA BJ-043-GP",3,32,323,3232,0,01,013,0131,,
15199,08870961602,"AUTOCENTAR RAJKOVIĆ D.O.O.",43000,BJELOVAR,31.10.2019.,"880,20 kn","SERVIS SLUŽBENOG VOZILA BJ-043-GP",3,32,323,3232,0,01,013,0131,,
15251,27759560625,"INA KARTICA INDUSTRIJA NAFTE D.D. ZAGREB,",10000,ZAGREB,18.10.2019.,"7.475,13 kn","INA KARTICA ZA 09/2019 - GORIVO ZA SL. AUTOMOBILE",3,32,322,3223,0,01,013,0131,,
15343,37828020359,"PPK D.D. BJELOVAR",43000,BJELOVAR,25.10.2019.,"164,48 kn","VODA ZA SLUŽBENE AUTOMOBILE",3,32,329,3293,0,01,013,0131,,
15442,56668956985,"HRVATSKO DRUŠTVO SKLADATELJA",10000,ZAGREB,31.10.2019.,"2.900,00 kn","NAKNADA ZA AUTORSKA PRAVA OD 2016.-2018. GODINE - 5. RATA PO UGOVORU",3,32,329,3299,0,08,082,0820,,
15443,56668956985,"HRVATSKO DRUŠTVO SKLADATELJA",10000,ZAGREB,31.10.2019.,"3.500,00 kn","NAKNADA ZA AUTORSKA PRAVA OD 2016.-2018. GODINE - 5. RATA PO UGOVORU",3,32,329,3299,0,08,082,0820,,
15525,86437447601,"NK M D.O.O.",43227,ŠANDROVAC,15.10.2019.,"9.375,00 kn","ODRŽAVANJE I PRANJE FONTANE I AUTOBUSNIH UGIBALIŠTA ZA 09/2019",3,32,323,3232,0,06,065,0650,,
15570,93692020864,"VAP  OBRT ZA VULKANIZACIJU -VL.HUSKIĆ HENIZ",43000,BJELOVAR,15.10.2019.,"1.840,00 kn","USLUGA PRANJA SL. AUTOMOBILA ZA 09/2019",3,32,323,3239,0,01,013,0131,,
15879,27759560625,"INA KARTICA INDUSTRIJA NAFTE D.D. ZAGREB,",10000,ZAGREB,20.11.2019.,"10.895,80 kn","INA KARTICA ZA 10/2019 - GORIVO I CESTARINA ZA SL. AUTOMOBILE",3,32,321,3211,0,01,013,0131,,
15954,93692020864,"VAP  OBRT ZA VULKANIZACIJU -VL.HUSKIĆ HENIZ",43000,BJELOVAR,15.11.2019.,"9.252,50 kn","AUTOGUME (3 SETA PO 4 KOM) ZA SLUŽBENA VOZILA BJ-043-GP, BJ-584-DK, BJ-219-GA",3,32,322,3225,0,01,013,0131,,
15980,08870961602,"AUTOCENTAR RAJKOVIĆ D.O.O.",43000,BJELOVAR,13.11.2019.,"116,84 kn","SERVIS SLUŽBENOG VOZILA BJ-219-GA",3,32,323,3232,0,01,013,0131,,
15981,08870961602,"AUTOCENTAR RAJKOVIĆ D.O.O.",43000,BJELOVAR,12.11.2019.,"1.789,40 kn","SERVIS SLUŽBENOG VOZILA BJ-584-DK",3,32,323,3232,0,01,013,0131,,
15982,08870961602,"AUTOCENTAR RAJKOVIĆ D.O.O.",43000,BJELOVAR,20.11.2019.,"1.658,28 kn","SERVIS SLUŽBENOG VOZILA BJ-043-MT",3,32,323,3232,0,01,013,0131,,
15984,86437447601,"NK M D.O.O.",43227,ŠANDROVAC,15.11.2019.,"9.375,00 kn","ODRŽAVANJE I PRANJE FONTANE I AUTOBUSNIH UGIBALIŠTA ZA 10/2019",3,32,323,3232,0,06,065,0650,,
16137,93692020864,"VAP  OBRT ZA VULKANIZACIJU -VL.HUSKIĆ HENIZ",43000,BJELOVAR,15.11.2019.,"2.295,00 kn","USLUGA PRANJA SL. AUTOMOBILA ZA 10/2019",3,32,323,3239,0,01,013,0131,,
16154,58990737591,"FRANZ D.O.O.",43000,BJELOVAR,25.11.2019.,"1.574,00 kn","UGOSTITELJSKA USL. - PREDSTAVNICI GRADA SA AUTOROM SKULPTURE IZ PARKA S. RADIĆ, DELEGACIJE HRV. ŠUMA",3,32,329,3293,0,01,011,0111,,
16171,56668956985,"HRVATSKO DRUŠTVO SKLADATELJA",10000,ZAGREB,29.11.2019.,"2.900,00 kn","NAKNADA ZA AUTORSKA PRAVA OD 2016.-2018. GODINE - 6. RATA PO UGOVORU",3,32,329,3299,0,08,082,0820,,
16172,56668956985,"HRVATSKO DRUŠTVO SKLADATELJA",10000,ZAGREB,29.11.2019.,"3.500,00 kn","NAKNADA ZA AUTORSKA PRAVA OD 2016.-2018. GODINE - 6. RATA PO UGOVORU",3,32,329,3299,0,08,082,0820,,
16175,56668956985,"HRVATSKO DRUŠTVO SKLADATELJA",10000,ZAGREB,11.11.2019.,"6.895,26 kn","NAKNADA ZA AUTORSKA PRAVA - KONCERT GIBONNI ZA DAN GRADA",3,32,329,3299,0,08,082,0820,,
16284,27759560625,"INA KARTICA INDUSTRIJA NAFTE D.D. ZAGREB,",10000,ZAGREB,20.12.2019.,"9.865,84 kn","INA KARTICA ZA 11/2019 - GORIVO ZA SL. AUTOMOBILE",3,32,322,3223,0,01,013,0131,,
16958,03818826484,"LOVRIĆ DAVOR",43000,BJELOVAR,16.01.2020.,"6.066,85 kn","AUTORSKI HONORAR - KONCERT DJEČJA NOVA GODINA",3,32,323,3237,0,08,082,0820,,
16959,56709449993,"BUDIŠĆAK NIKOLA",43000,BJELOVAR,16.01.2020.,"12.405,00 kn","AUTORSKI HONORAR - KONCERT NOVA GODINA",3,32,323,3237,0,08,082,0820,,
16960,75352797117,"ANTICA BERISLAV",43000,BJELOVAR,16.01.2020.,"13.438,75 kn","AUTORSKI HONORAR - KONCERT NOVA GODINA",3,32,323,3237,0,08,082,0820,,
16961,15462455449,"DOVIĆ ALAN",43000,BJELOVAR,16.01.2020.,"12.405,00 kn","AUTORSKI HONORAR - KONCERT NOVA GODINA",3,32,323,3237,0,08,082,0820,,
16962,80068395943,"LUKŠIĆ IVAN",43000,BJELOVAR,16.01.2020.,"13.438,75 kn","AUTORSKI HONORAR - KONCERT NOVA GODINA",3,32,323,3237,0,08,082,0820,,
17008,08870961602,"AUTOCENTAR RAJKOVI? D.O.O.",43000,BJELOVAR,22.01.2020.,"5.735,00 kn","SERVIS SLUŽBENOG VOZILA OPEL ASTRA BJ-584-DK",3,32,323,3232,0,01,013,0131,,
17116,96213733249,"AUTOKU?A CUPAN D.O.O., TRGOVINA I PORAVAK MOTORNIH VOZILA",43211,PREDAVAC,22.01.2020.,"1.765,00 kn","SERVIS SLUŽBENOG VOZILA PASSAT BJ-043-GB",3,32,323,3232,0,01,013,0131,,
17577,27759560625,"INA KARTICA INDUSTRIJA NAFTE D.D. ZAGREB,",10000,ZAGREB,20.02.2020.,"5.692,45 kn","INA KARTICA ZA 01/2020 - GORIVO ZA SL. AUTOMOBILE",3,32,322,3223,0,01,013,0131,,
17725,53540975485,"HAK-HRVATSKI AUTOKLUB",10010,"ZAGREB - SLOBOŠTINA",10.02.2020.,"320,00 kn","ČLANARINA HAK 2020. ZA TIHOMIRA SOLARA - MODEL OPTIMUM",3,32,329,3294,0,01,013,0131,,
17726,53540975485,"HAK-HRVATSKI AUTOKLUB",10010,"ZAGREB - SLOBOŠTINA",10.02.2020.,"520,00 kn","ČLANARINA HAK 2020. ZA TOMISLAVA SVEČNJAKA - MODEL EUROPA",3,32,329,3294,0,01,013,0131,,
17805,86437447601,"NK M D.O.O.",43227,ŠANDROVAC,14.02.2020.,"3.000,00 kn","ODRŽAVANJE I PRANJE FONTANE I AUTOBUSNIH UGIBALIŠTA ZA 01/2020",3,32,323,3232,0,06,065,0650,,
17820,93692020864,"VAP  OBRT ZA VULKANIZACIJU -VL.HUSKIĆ HENIZ",43000,BJELOVAR,14.02.2020.,"1.315,00 kn","USLUGA PRANJA SL. AUTOMOBILA ZA 01/2020",3,32,323,3239,0,01,013,0131,,
17823,96213733249,"AUTOKUĆA CUPAN D.O.O., TRGOVINA I PORAVAK MOTORNIH VOZILA",43211,PREDAVAC,10.02.2020.,"9.074,59 kn","SERVIS SLUŽBENOG VOZILA PASSAT BJ-043-GB",3,32,323,3232,0,01,013,0131,,
17835,08870961602,"AUTOCENTAR RAJKOVIĆ D.O.O.",43000,BJELOVAR,17.03.2020.,"13.257,40 kn","OTKUP SL. AUTOMOBILA OPEL CORSA NAKON OTPLATE LEASINGA",4,42,423,4231,0,01,013,0131,,
17836,08870961602,"AUTOCENTAR RAJKOVIĆ D.O.O.",43000,BJELOVAR,20.03.2020.,"631,59 kn","SERVIS SL. AUTOMOBILA OPEL CORSA BJ219GA",3,32,323,3232,0,01,013,0131,,
17866,22694857747,"EUROHERC OSIGURANJE D.D.",43000,BJELOVAR,11.03.2020.,"2.378,35 kn","KASKO OSIGURANJE SL. AUTOMOBIL BJ219 GA",3,32,329,3292,0,01,013,0131,,
17867,22694857747,"EUROHERC OSIGURANJE D.D.",43000,BJELOVAR,11.03.2020.,"1.726,42 kn","OSNOVNO OSIGURANJE SL. AUTOMOBIL BJ219GA",3,32,329,3292,0,01,013,0131,,
17882,27759560625,"INA KARTICA INDUSTRIJA NAFTE D.D. ZAGREB,",10000,ZAGREB,27.03.2020.,"7.636,55 kn","INA KARTICA ZA 02/2020 - GORIVO I CESTARINA ZA SL. AUTOMOBILE",3,32,322,3223,0,01,013,0131,,
18166,93692020864,"VAP  OBRT ZA VULKANIZACIJU -VL.HUSKIĆ HENIZ",43000,BJELOVAR,16.03.2020.,"1.310,00 kn","PRANJE I ČIŠĆENJE SL. AUTOMOBILA ZA 02/2020.",3,32,323,3239,0,01,013,0131,,
18174,99681708224,"EUROAGRAM TIS D.O.O. CHV STP EURODUHAN",43000,BJELOVAR,10.03.2020.,"326,84 kn","USL. PRI REGISTRACIJI SL. AUTOMOBILA BJ219GA",3,32,323,3239,0,01,013,0131,,
18411,27759560625,"INA KARTICA INDUSTRIJA NAFTE D.D. ZAGREB,",10000,ZAGREB,21.04.2020.,"2.954,72 kn","INA KARTICA ZA 03/2020 - GORIVO ZA SL. AUTOMOBILE",3,32,322,3223,0,01,013,0131,,
18494,37828020359,"PPK D.D. BJELOVAR",43000,BJELOVAR,30.04.2020.,"132,30 kn","VODA ZA SLUŽBENE AUTOMOBILE",3,32,329,3293,0,01,013,0131,,
18604,62595301902,"C.I.A.K. AUTO D.O.O.",10255,STUPNIK,29.04.2020.,"287,50 kn","RAZNI PROIZVODI (TEKUĆINA ZA STAKLA, ŽARULJE, WD-40, START KABLOVI) ZA SL. VOZILA GRADA BJELOVARA",3,32,322,3224,0,01,013,0131,,
18696,93692020864,"VAP  OBRT ZA VULKANIZACIJU -VL.HUSKIĆ HENIZ",43000,BJELOVAR,17.04.2020.,"1.160,00 kn","PRANJE I ČIŠĆENJE SL. AUTOMOBILA ZA 03/2020.",3,32,323,3239,0,01,013,0131,,
18698,96107776452,"ČAZMATRANS PROMET D.O.O.",43240,ČAZMA,17.04.2020.,"10.000,00 kn","USL. PRIJEVOZA AUTOBUSOM NA MJESTO I SA MJESTA PROVEDBE PROG. OBRAZOVANJA ODRASLIH - MI TO MOŽEMO",3,32,323,3231,1,10,107,1070,,
18705,99681708224,"AGRAM TIS D.O.O. CVH STP EURODUHAN",43000,BJELOVAR,27.04.2020.,"99,65 kn","ZAMJENA PROMETNE DOZVOLE ZA SL. AUTOMOBIL OPEL CORSA BJ-219-GA",3,32,323,3239,0,01,013,0131,,
18849,19130560524,"TECHED SAVJETODAVNE USLUGE D.O.O.",10000,ZAGREB,04.05.2020.,"62.500,00 kn","USL. IZRADE I USPOSTAVE DIGITALNE PLATFORME ZA AUTOMATSKO OBUHVAĆANJE PODATAKA PUTEM WEB OBRAZACA",3,32,323,3237,0,01,013,0131,,
18873,27759560625,"INA KARTICA INDUSTRIJA NAFTE D.D. ZAGREB,",10000,ZAGREB,21.05.2020.,"966,54 kn","INA KARTICA ZA 04/2020 - GORIVO ZA SL. AUTOMOBILE",3,32,322,3223,0,01,013,0131,,
19022,56668956985,"HRVATSKO DRUŠTVO SKLADATELJA",10000,ZAGREB,18.05.2020.,"7.263,58 kn","AUTORSKA NAKNADA ZA KONCERTE U PERIODU OD 25.06.2019.-31.12.2019.",3,32,329,3299,0,08,082,0820,,
19048,65706775101,"AUTO KLUB  BJELOVAR,",43000,BJELOVAR,28.05.2020.,"625,00 kn","USLUGA PRIJEVOZA PISANICA (DOVOZ I ODVOZ)",3,32,323,3231,0,04,049,0490,,
19084,79991880130,"JAVNA VATROGASNA POSTROJBA GRADA BJELOVARA",43000,BJELOVAR,27.05.2020.,"2.952,33 kn","PERIODIČNI SERVIS APARATA ZA GAŠENJE - GRADSKA UPRAVA I SL. AUTOMOBILI",3,32,323,3232,0,01,013,0131,,
19129,93692020864,"VAP  OBRT ZA VULKANIZACIJU -VL.HUSKIĆ HENIZ",43000,BJELOVAR,05.05.2020.,"4.600,00 kn","AUTOGUME (4 KOM) ZA SLUŽBENO VOZILO BJ-043-GB",3,32,322,3225,0,01,013,0131,,
19130,93692020864,"VAP  OBRT ZA VULKANIZACIJU -VL.HUSKIĆ HENIZ",43000,BJELOVAR,05.05.2020.,"2.200,00 kn","AUTOGUME (4 KOM) ZA SLUŽBENO VOZILO BJ-584-DK",3,32,322,3225,0,01,013,0131,,
19131,93692020864,"VAP  OBRT ZA VULKANIZACIJU -VL.HUSKIĆ HENIZ",43000,BJELOVAR,15.05.2020.,"2.190,00 kn","DEMONTAŽA, SKLADIŠTENJE I MONTAŽA GUMA NA SL. AUTOMOBILE",3,32,323,3232,0,01,013,0131,,
19132,93692020864,"VAP  OBRT ZA VULKANIZACIJU -VL.HUSKIĆ HENIZ",43000,BJELOVAR,15.05.2020.,"440,00 kn","PRANJE I ČIŠĆENJE SL. AUTOMOBILA ZA 04/2020.",3,32,323,3239,0,01,013,0131,,
19136,99681708224,"AGRAM TIS D.O.O. CVH STP EURODUHAN",43000,BJELOVAR,15.05.2020.,"590,25 kn","RAZNE NAKNADE PRILOKOM TEHNIČKOG PREGLEDA PRI REGISTRACIJI SL. AUTOMOBILA BJ-043-GP",3,32,323,3239,0,01,013,0131,,
19137,99681708224,"AGRAM TIS D.O.O. CVH STP EURODUHAN",43000,BJELOVAR,15.05.2020.,"326,84 kn","USL. TEHNIČKOG PREGLEDA PRI REGISTRACIJI SL. AUTOMOBILA BJ-043-GP",3,32,323,3239,0,01,013,0131,,
19138,99681708224,"AGRAM TIS D.O.O. CVH STP EURODUHAN",43000,BJELOVAR,27.05.2020.,"326,84 kn","USL. TEHNIČKOG PREGLEDA PRI REGISTRACIJI SL. AUTOMOBILA BJ-584-DK",3,32,323,3239,0,01,013,0131,,
19139,99681708224,"AGRAM TIS D.O.O. CVH STP EURODUHAN",43000,BJELOVAR,27.05.2020.,"574,50 kn","USL. TEHNIČKOG PREGLEDA PRI REGISTRACIJI SL. AUTOMOBILA BJ-584-DK",3,32,323,3239,0,01,013,0131,,
20004,24602846754,"AUTODRVENKAR obrt za vuču vozila i pomoć na cesti",43000,"STARE PLAVNICE",10.06.2020.,"1.100,00 kn","FINANCIJSKA POMOĆ PRIVREMENO ZATVORENIM OBRTIMA",3,35,352,3523,0,04,049,0490,,
20011,35935018681,"ELEKO autoelektričarski obrt i trgovina",43000,BJELOVAR,10.06.2020.,"2.000,00 kn","FINANCIJSKA POMOĆ PRIVREMENO ZATVORENIM OBRTIMA",3,35,352,3523,0,04,049,0490,,
20028,42451520754,"OBRT ZA AUTOTAKSI PRIJEVOZ, ZVONAR Ž.",43000,BJELOVAR,10.06.2020.,"1.533,33 kn","FINANCIJSKA POMOĆ PRIVREMENO ZATVORENIM OBRTIMA",3,35,352,3523,0,04,049,0490,,
20142,08870961602,"AUTOCENTAR RAJKOVIĆ D.O.O.",43000,BJELOVAR,16.06.2020.,"2.839,95 kn","SERVIS SL. AUTOMOBILA OPEL CORSA BJ-219-GA",3,32,323,3232,0,01,013,0131,,
20185,27759560625,"INA KARTICA INDUSTRIJA NAFTE D.D. ZAGREB,",10000,ZAGREB,19.06.2020.,"2.308,25 kn","INA KARTICA ZA 05/2020 - GORIVO ZA SL. AUTOMOBILE",3,32,322,3223,0,01,013,0131,,
20267,33437375299,"AUTO CENTAR KOS D.O.O.",42000,VARAŽDIN,16.06.2020.,"238.320,00 kn","ELEKTRIČNO VOZILO RENAULT ZOE",4,42,423,4231,0,06,065,0650,,
20354,57500462912,"HRVATSKE AUTOCESTE D.O.O.",10000,ZAGREB,19.06.2020.,"8.000,00 kn","NADOPLATA ENC UREĐAJA ZA SLUŽBENA VOZILA I KOMBI GRADA BJELOVARA",3,32,321,3211,0,01,013,0131,,
20447,93692020864,"VAP  OBRT ZA VULKANIZACIJU -VL.HUSKIĆ HENIZ",43000,BJELOVAR,15.06.2020.,"285,00 kn","PRANJE I ČIŠĆENJE SL. AUTOMOBILA ZA 05/2020.",3,32,323,3239,0,01,013,0131,,
20448,96107776452,"ČAZMATRANS PROMET D.O.O.",43240,ČAZMA,12.06.2020.,"10.400,00 kn","USL. PRIJEVOZA AUTOBUSOM NA MJESTO I SA MJESTA PROVEDBE PROG. OBRAZOVANJA ODRASLIH - MI TO MOŽEMO",3,32,323,3231,1,10,107,1070,,
20456,99681708224,"AGRAM TIS D.O.O. CVH STP EURODUHAN",43000,BJELOVAR,09.06.2020.,"330,61 kn","USL. TEHNIČKOG PREGLEDA PRI REGISTRACIJI SL. AUTOMOBILA BJ-043-GB",3,32,323,3239,0,01,013,0131,,
20457,99681708224,"AGRAM TIS D.O.O. CVH STP EURODUHAN",43000,BJELOVAR,09.06.2020.,"679,90 kn","USL. TEHNIČKOG PREGLEDA PRI REGISTRACIJI SL. AUTOMOBILA BJ-043-GB",3,32,323,3239,0,01,013,0131,,
20458,99681708224,"AGRAM TIS D.O.O. CVH STP EURODUHAN",43000,BJELOVAR,09.06.2020.,"543,88 kn","USL. TEHNIČKOG PREGLEDA PRI REGISTRACIJI SL. AUTOMOBILA (RENAULT ZOE) BJ-299-IE",3,32,323,3239,0,01,013,0131,,
20777,90198082099,"BIGAČ ALEN",43000,BJELOVAR,23.07.2020.,"3.012,79 kn","UKUPNI TROŠAK: AUTORSKI HONORAR - BJELOVARSKO KULTURNO LJETO",3,32,323,3237,0,08,082,0820,,
20778,30704673994,"BUHIN NEBOJŠA",43000,BJELOVAR,23.07.2020.,"3.012,79 kn","UKUPNI TROŠAK: AUTORSKI HONORAR - BJELOVARSKO KULTURNO LJETO",3,32,323,3237,0,08,082,0820,,
20888,08870961602,"AUTOCENTAR RAJKOVIĆ D.O.O.",43000,BJELOVAR,17.07.2020.,"3.515,40 kn","SERVIS SL. AUTOMOBILA OPEL MERIVA BJ-310-EG",3,32,323,3232,0,01,013,0131,,
20925,22694857747,"EUROHERC OSIGURANJE D.D.",43000,BJELOVAR,02.07.2020.,"2.079,81 kn","OSNOVNO OSIGURANJE SL. AUTOMOBIL OPEL VIVARO BJ-043-MT OD 24.06.2020.-24.06.2021.",3,32,329,3292,0,01,013,0131,,
20926,22694857747,"EUROHERC OSIGURANJE D.D.",43000,BJELOVAR,17.07.2020.,"4.260,86 kn","KASKO OSIGURANJE SL. AUTOMOBIL OPEL VIVARO BJ-043-MT OD 26.06.2020.-26.06.2021.",3,32,329,3292,0,01,013,0131,,
20945,27759560625,"INA KARTICA INDUSTRIJA NAFTE D.D. ZAGREB,",10000,ZAGREB,21.07.2020.,"6.031,20 kn","INA KARTICA ZA 06/2020 - GORIVO ZA SL. AUTOMOBILE",3,32,322,3223,0,01,013,0131,,
21042,37828020359,"PPK D.D. BJELOVAR",43000,BJELOVAR,31.07.2020.,"66,15 kn","VODA ZA SLUŽBENE AUTOMOBILE",3,32,329,3293,0,01,013,0131,,
21258,93692020864,"VAP  OBRT ZA VULKANIZACIJU -VL.HUSKIĆ HENIZ",43000,BJELOVAR,15.07.2020.,"725,00 kn","PRANJE I ČIŠĆENJE SL. AUTOMOBILA ZA 06/2020.",3,32,323,3239,0,01,013,0131,,
21260,96107776452,"ČAZMATRANS PROMET D.O.O.",43240,ČAZMA,15.07.2020.,"23.400,00 kn","USL. PRIJEVOZA AUTOBUSOM NA MJESTO I SA MJESTA PROVEDBE PROG. OBRAZOVANJA ODRASLIH - MI TO MOŽEMO",3,32,323,3231,1,10,107,1070,,
21266,99681708224,"AGRAM TIS D.O.O. CVH STP EURODUHAN",43000,BJELOVAR,02.07.2020.,"330,61 kn","USL. TEHNIČKOG PREGLEDA PRI REGISTRACIJI SL. AUTOMOBILA BJ-043-MT",3,32,323,3239,0,01,013,0131,,
21267,99681708224,"AGRAM TIS D.O.O. CVH STP EURODUHAN",43000,BJELOVAR,02.07.2020.,"749,90 kn","USL. TEHNIČKOG PREGLEDA PRI REGISTRACIJI SL. AUTOMOBILA BJ-043-MT",3,32,323,3239,0,01,013,0131,,
22087,22694857747,"EUROHERC OSIGURANJE D.D.",43000,BJELOVAR,03.08.2020.,"1.428,89 kn","OSNOVNO OSIGURANJE SL. AUTOMOBIL OPEL MERIVA BJ-310-EG OD 24.07.2020.-24.07.2021.",3,32,329,3292,0,01,013,0131,,
22099,27759560625,"INA KARTICA INDUSTRIJA NAFTE D.D. ZAGREB,",10000,ZAGREB,21.08.2020.,"4.649,76 kn","INA KARTICA ZA 07/2020 - GORIVO ZA SL. AUTOMOBILE",3,32,322,3223,0,01,013,0131,,
22363,93692020864,"VAP  OBRT ZA VULKANIZACIJU -VL.HUSKIĆ HENIZ",43000,BJELOVAR,14.08.2020.,"1.440,00 kn","PRANJE I ČIŠĆENJE SL. AUTOMOBILA ZA 07/2020.",3,32,323,3239,0,01,013,0131,,
22365,96107776452,"ČAZMATRANS PROMET D.O.O.",43240,ČAZMA,14.08.2020.,"23.400,00 kn","USL. PRIJEVOZA AUTOBUSOM NA MJESTO I SA MJESTA PROVEDBE PROG. OBRAZOVANJA ODRASLIH - MI TO MOŽEMO",3,32,323,3231,1,10,107,1070,,
22373,96213733249,"AUTOKUĆA CUPAN D.O.O., TRGOVINA I PORAVAK MOTORNIH VOZILA",43211,PREDAVAC,03.08.2020.,"993,53 kn","SERVIS SLUŽBENOG VOZILA PASSAT BJ-043-GB",3,32,323,3232,0,01,013,0131,,
22377,99681708224,"AGRAM TIS D.O.O. CVH STP EURODUHAN",43000,BJELOVAR,03.08.2020.,"326,84 kn","USL. TEHNIČKOG PREGLEDA PRI REGISTRACIJI SL. AUTOMOBILA BJ-310-EG",3,32,323,3239,0,01,013,0131,,
22378,99681708224,"AGRAM TIS D.O.O. CVH STP EURODUHAN",43000,BJELOVAR,03.08.2020.,"574,50 kn","USL. TEHNIČKOG PREGLEDA PRI REGISTRACIJI SL. AUTOMOBILA BJ-310-EG",3,32,323,3239,0,01,013,0131,,
22596,27759560625,"INA KARTICA INDUSTRIJA NAFTE D.D. ZAGREB,",10000,ZAGREB,18.09.2020.,"5.660,90 kn","INA KARTICA ZA 08/2020 - GORIVO ZA SL. AUTOMOBILE",3,32,322,3223,0,01,013,0131,,
22622,27962400486,"KOMUNALAC D.O.O.",43000,BJELOVAR,30.09.2020.,"2.250,00 kn","PRIJEVOZ I NAJAM DRVENIH KUĆICA ZA MANIFESTACIJU DOKUART AUTO KINO",3,32,323,3231,0,04,049,0490,,
22767,53540975485,"HAK-HRVATSKI AUTOKLUB",10010,"ZAGREB - SLOBOŠTINA",11.09.2020.,"320,00 kn","ČLANARINA HAK 2020. Z.VUJIĆ",3,32,329,3294,0,01,013,0131,,
22782,62595301902,"C.I.A.K. AUTO D.O.O.",10255,STUPNIK,15.09.2020.,"164,06 kn","ŽARULJE MI3 (7 KOM) ZA SL. VOZILA GRADA BJELOVARA",3,32,322,3224,0,01,013,0131,,
22863,93692020864,"VAP  OBRT ZA VULKANIZACIJU -VL.HUSKIĆ HENIZ",43000,BJELOVAR,15.09.2020.,"1.160,00 kn","PRANJE I ČIŠĆENJE SL. AUTOMOBILA ZA 08/2020.",3,32,323,3239,0,01,013,0131,,
22864,96107776452,"ČAZMATRANS PROMET D.O.O.",43240,ČAZMA,14.09.2020.,"13.000,00 kn","USL. PRIJEVOZA AUTOBUSOM NA MJESTO I SA MJESTA PROVEDBE PROG. OBRAZOVANJA ODRASLIH - MI TO MOŽEMO",3,32,323,3231,1,10,107,1070,,
22865,96213733249,"AUTOKUĆA CUPAN D.O.O., TRGOVINA I PORAVAK MOTORNIH VOZILA",43211,PREDAVAC,25.09.2020.,"6.701,93 kn","SERVIS SLUŽBENOG VOZILA PASSAT BJ-043-GB",3,32,323,3232,0,01,013,0131,,
22866,96213733249,"AUTOKUĆA CUPAN D.O.O., TRGOVINA I PORAVAK MOTORNIH VOZILA",43211,PREDAVAC,30.09.2020.,"245,56 kn","SERVIS SLUŽBENOG VOZILA PASSAT BJ-043-GB",3,32,323,3232,0,01,013,0131,,
23039,70399135546,"IVANČEK KREŠIMIR",43000,BJELOVAR,09.10.2020.,"674,86 kn","UKUPNI TROŠAK: AUTORSKI HONORAR -OBLIKOVANJE PRIZNANJA ZA DAN GRADA BJELOVARA 2020.",3,32,323,3237,0,08,082,0820,,
23329,08870961602,"AUTOCENTAR RAJKOVIĆ D.O.O.",43000,BJELOVAR,02.10.2020.,"2.066,01 kn","SERVIS SL. KOMBIJA OPEL VIVARO BJ-043-MT",3,32,323,3232,0,01,013,0131,,
23330,08870961602,"AUTOCENTAR RAJKOVIĆ D.O.O.",43000,BJELOVAR,16.10.2020.,"2.701,39 kn","SERVIS SL. AUTOMOBILA OPEL ASTRA BJ-043-GP",3,32,323,3232,0,01,013,0131,,
23331,08870961602,"AUTOCENTAR RAJKOVIĆ D.O.O.",43000,BJELOVAR,16.10.2020.,"997,41 kn","SERVIS SL. AUTOMOBILA OPEL MERIVA BJ-310-EG",3,32,323,3232,0,01,013,0131,,
23378,27759560625,"INA KARTICA INDUSTRIJA NAFTE D.D. ZAGREB,",10000,ZAGREB,20.10.2020.,"5.778,61 kn","INA KARTICA ZA 09/2020 - GORIVO ZA SL. AUTOMOBILE",3,32,322,3223,0,01,013,0131,,
23679,93692020864,"VAP  OBRT ZA VULKANIZACIJU -VL.HUSKIĆ HENIZ",43000,BJELOVAR,15.10.2020.,"1.390,00 kn","PRANJE I ČIŠĆENJE SL. AUTOMOBILA ZA 09/2020.",3,32,323,3239,0,01,013,0131,,
23680,96107776452,"ČAZMATRANS PROMET D.O.O.",43240,ČAZMA,16.10.2020.,"2.600,00 kn","USL. PRIJEVOZA AUTOBUSOM NA MJESTO I SA MJESTA PROVEDBE PROG. OBRAZOVANJA ODRASLIH - MI TO MOŽEMO",3,32,323,3231,1,10,107,1070,,
24020,27759560625,"INA KARTICA INDUSTRIJA NAFTE D.D. ZAGREB,",10000,ZAGREB,20.11.2020.,"6.748,01 kn","INA KARTICA ZA 10/2020 - GORIVO ZA SL. AUTOMOBILE",3,32,322,3223,0,01,013,0131,,
24214,62595301902,"C.I.A.K. AUTO D.O.O.",10255,STUPNIK,09.11.2020.,"370,00 kn","TEKUĆINA ZA STAKLA ZA SL. VOZILA GRADA BJELOVARA",3,32,322,3224,0,01,013,0131,,
24293,88299555036,"AUTOSERVIS BMD vl. Bernard Dražić",51253,BRIBIR,25.11.2020.,"1.880,00 kn","GUME NEXEN NBLUE 4 SEASON (4 KOM) I USL. UGRADNJE I BALANSIRANJA GUMA ZA SLUŽBENO VOZILO BJ-310-EG",3,32,322,3225,0,01,013,0131,,
24306,93692020864,"VAP  OBRT ZA VULKANIZACIJU -VL.HUSKIĆ HENIZ",43000,BJELOVAR,16.11.2020.,"1.105,00 kn","DEMONTAŽA, SKLADIŠTENJE I MONTAŽA GUMA NA SL. AUTOMOBILE",3,32,323,3232,0,01,013,0131,,
24307,93692020864,"VAP  OBRT ZA VULKANIZACIJU -VL.HUSKIĆ HENIZ",43000,BJELOVAR,16.11.2020.,"1.450,00 kn","PRANJE I ČIŠĆENJE SL. AUTOMOBILA ZA 10/2020.",3,32,323,3239,0,01,013,0131,,
24308,93692020864,"VAP  OBRT ZA VULKANIZACIJU -VL.HUSKIĆ HENIZ",43000,BJELOVAR,24.11.2020.,"6.884,00 kn","AUTOGUME (8 KOM) ZA SLUŽBENA VOZILA BJ-310-EG I BJ-299-IE",3,32,322,3225,0,01,013,0131,,
24310,96107776452,"ČAZMATRANS PROMET D.O.O.",43240,ČAZMA,17.11.2020.,"23.400,00 kn","USL. PRIJEVOZA AUTOBUSOM NA MJESTO I SA MJESTA PROVEDBE PROG. OBRAZOVANJA ODRASLIH - MI TO MOŽEMO",3,32,323,3231,1,10,107,1070,,
24666,08870961602,"AUTOCENTAR RAJKOVIĆ D.O.O.",43000,BJELOVAR,22.12.2020.,"1.878,58 kn","SERVIS SL. AUTOMOBILA OPEL ASTRA BJ-965-DR",3,32,323,3232,0,01,013,0131,,
24667,08870961602,"AUTOCENTAR RAJKOVIĆ D.O.O.",43000,BJELOVAR,23.12.2020.,"800,00 kn","SERVIS SL. AUTOMOBILA OPEL ASTRA BJ-584-DK",3,32,323,3232,0,01,013,0131,,
24715,27759560625,"INA KARTICA INDUSTRIJA NAFTE D.D. ZAGREB,",10000,ZAGREB,18.12.2020.,"4.681,52 kn","INA KARTICA ZA 11/2020 - GORIVO ZA SL. AUTOMOBILE",3,32,322,3223,0,01,013,0131,,
24796,31147921878,"IKARPLAST D.O.O.",51260,CRIKVENICA,31.12.2020.,"326,84 kn","USL. TEHNIČKOG PREGLEDA PRI REGISTRACIJI SL. AUTOMOBILA BJ-965-DR",3,32,323,3239,0,01,013,0131,,
24797,31147921878,"IKARPLAST D.O.O.",51260,CRIKVENICA,31.12.2020.,"574,50 kn","USL. TEHNIČKOG PREGLEDA PRI REGISTRACIJI SL. AUTOMOBILA BJ-965-DR",3,32,323,3239,0,01,013,0131,,
25052,93692020864,"VAP  OBRT ZA VULKANIZACIJU -VL.HUSKIĆ HENIZ",43000,BJELOVAR,15.12.2020.,"1.370,00 kn","PRANJE I ČIŠĆENJE SL. AUTOMOBILA ZA 11/2020.",3,32,323,3239,0,01,013,0131,,
25053,93692020864,"VAP  OBRT ZA VULKANIZACIJU -VL.HUSKIĆ HENIZ",43000,BJELOVAR,15.12.2020.,"1.065,00 kn","DEMONTAŽA, SKLADIŠTENJE I MONTAŽA GUMA NA SL. AUTOMOBILE",3,32,323,3232,0,01,013,0131,,
25057,96107776452,"ČAZMATRANS PROMET D.O.O.",43240,ČAZMA,10.12.2020.,"20.800,00 kn","USL. PRIJEVOZA AUTOBUSOM NA MJESTO I SA MJESTA PROVEDBE PROG. OBRAZOVANJA ODRASLIH - MI TO MOŽEMO",3,32,323,3231,1,10,107,1070,,
25058,96107776452,"ČAZMATRANS PROMET D.O.O.",43240,ČAZMA,30.12.2020.,"7.800,00 kn","USL. PRIJEVOZA AUTOBUSOM NA MJESTO I SA MJESTA PROVEDBE PROG. OBRAZOVANJA ODRASLIH - MI TO MOŽEMO",3,32,323,3231,1,10,107,1070,,
25783,08870961602,"AUTOCENTAR RAJKOVIĆ D.O.O.",43000,BJELOVAR,19.02.2021.,"4.291,94 kn","SERVIS SL. AUTOMOBILA OPEL ASTRA BJ-584-DK",3,32,323,3232,0,01,013,0131,,
25813,27759560625,"INA KARTICA INDUSTRIJA NAFTE D.D. ZAGREB,",10000,ZAGREB,19.02.2021.,"4.784,03 kn","INA KARTICA ZA 01/2021 - GORIVO ZA SL. AUTOMOBILE",3,32,322,3223,0,01,013,0131,,
25949,53540975485,"HAK-HRVATSKI AUTOKLUB",10010,"ZAGREB - SLOBOŠTINA",11.02.2021.,"320,00 kn","ČLANARINA HAK 2021. ZA TIHOMIRA SOLARA - MODEL OPTIMUM",3,32,329,3294,0,01,013,0131,,
25950,53540975485,"HAK-HRVATSKI AUTOKLUB",10010,"ZAGREB - SLOBOŠTINA",11.02.2021.,"520,00 kn","ČLANARINA HAK 2021. ZA TOMISLAVA SVEČNJAKA - MODEL EUROPA",3,32,329,3294,0,01,013,0131,,
26029,93692020864,"VAP  OBRT ZA VULKANIZACIJU -VL.HUSKIĆ HENIZ",43000,BJELOVAR,15.02.2021.,"1.440,00 kn","PRANJE I ČIŠĆENJE SL. AUTOMOBILA ZA 01/2021.",3,32,323,3239,0,01,013,0131,,
26032,96107776452,"ČAZMATRANS PROMET D.O.O.",43240,ČAZMA,10.02.2021.,"7.800,00 kn","USL. PRIJEVOZA AUTOBUSOM NA MJESTO I SA MJESTA PROVEDBE PROG. OBRAZOVANJA ODRASLIH - MI TO MOŽEMO",3,32,323,3231,1,10,107,1070,,
26033,96213733249,"AUTOKUĆA CUPAN D.O.O., TRGOVINA I PORAVAK MOTORNIH VOZILA",43211,PREDAVAC,19.02.2021.,"150,00 kn","SERVIS SLUŽBENOG VOZILA PASSAT BJ-043-GB",3,32,323,3232,0,01,013,0131,,
26105,08870961602,"AUTOCENTAR RAJKOVIĆ D.O.O.",43000,BJELOVAR,05.03.2021.,"1.122,00 kn","SERVIS SL. VOZILA OPEL VIVARO BJ-043-MT",3,32,323,3232,0,01,013,0131,,
26106,08870961602,"AUTOCENTAR RAJKOVIĆ D.O.O.",43000,BJELOVAR,11.03.2021.,"818,50 kn","SERVIS SL. AUTOMOBILA OPEL ASTRA BJ-584-DK",3,32,323,3232,0,01,013,0131,,
26135,22694857747,"EUROHERC OSIGURANJE D.D.",43000,BJELOVAR,11.03.2021.,"1.783,25 kn","OSNOVNO OSIGURANJE SL. AUTOMOBIL BJ-219-GA  06.03.2021.-06.03.2022.",3,32,329,3292,0,01,013,0131,,
26150,27759560625,"INA KARTICA INDUSTRIJA NAFTE D.D. ZAGREB,",10000,ZAGREB,19.03.2021.,"7.139,84 kn","INA KARTICA ZA 02/2021 - GORIVO ZA SL. AUTOMOBILE",3,32,322,3223,0,01,013,0131,,
26246,37828020359,"PPK D.D. BJELOVAR",43000,BJELOVAR,19.03.2021.,"66,15 kn","VODA ZA SLUŽBENE AUTOMOBILE",3,32,329,3293,0,01,013,0131,,
26331,56668956985,"HRVATSKO DRUŠTVO SKLADATELJA",10000,ZAGREB,03.03.2021.,"4.863,49 kn","AUTORSKA NAKNADA ZA BJELOVARSKO KULTURNO LJETO U PERIODU OD 26.06.-06.09.2020.",3,32,329,3299,0,08,082,0820,,
26443,93692020864,"VAP  OBRT ZA VULKANIZACIJU -VL.HUSKIĆ HENIZ",43000,BJELOVAR,16.03.2021.,"1.300,00 kn","PRANJE I ČIŠĆENJE SL. AUTOMOBILA ZA 02/2021.",3,32,323,3239,0,01,013,0131,,
26446,96107776452,"ČAZMATRANS PROMET D.O.O.",43240,ČAZMA,09.03.2021.,"20.800,00 kn","USL. PRIJEVOZA AUTOBUSOM NA MJESTO I SA MJESTA PROVEDBE PROG. OBRAZOVANJA ODRASLIH - MI TO MOŽEMO",3,32,323,3231,1,10,107,1070,,
26635,34077729208,"RAGUŽ JAKŠA",10020,ZAGREB,03.03.2021.,"1.202,85 kn","UGOVOR O AUTORSKOM DJELU - RECENZIJA TEKSTA ZA IZRADU INFO. PLOČA SPOMEN PODRUČJE BARUTANA ",3,32,329,3291,0,01,011,0111,,
26999,27759560625,"INA KARTICA INDUSTRIJA NAFTE D.D. ZAGREB,",10000,ZAGREB,21.04.2021.,"6.189,90 kn","INA KARTICA ZA 03/2021 - GORIVO ZA SL. AUTOMOBILE",3,32,322,3223,0,01,013,0131,,
27109,37828020359,"PPK D.D. BJELOVAR",43000,BJELOVAR,23.04.2021.,"66,15 kn","VODA ZA SLUŽBENE AUTOMOBILE",3,32,329,3293,0,01,013,0131,,
27326,93692020864,"VAP  OBRT ZA VULKANIZACIJU -VL.HUSKIĆ HENIZ",43000,BJELOVAR,15.04.2021.,"1.835,00 kn","PRANJE I ČIŠĆENJE SL. AUTOMOBILA ZA 03/2021.",3,32,323,3239,0,01,013,0131,,
27327,96107776452,"ČAZMATRANS PROMET D.O.O.",43240,ČAZMA,07.04.2021.,"20.800,00 kn","USL. PRIJEVOZA AUTOBUSOM NA MJESTO I SA MJESTA PROVEDBE PROG. OBRAZOVANJA ODRASLIH - MI TO MOŽEMO",3,32,323,3231,1,10,107,1070,,
27329,96213733249,"AUTOKUĆA CUPAN D.O.O., TRGOVINA I PORAVAK MOTORNIH VOZILA",43211,PREDAVAC,29.04.2021.,"2.057,51 kn","SERVIS SLUŽBENOG VOZILA PASSAT BJ-043-GB",3,32,323,3232,0,01,013,0131,,
27330,96213733249,"AUTOKUĆA CUPAN D.O.O., TRGOVINA I PORAVAK MOTORNIH VOZILA",43211,PREDAVAC,29.04.2021.,"4.172,48 kn","SERVIS SLUŽBENOG VOZILA PASSAT BJ-043-GB",3,32,323,3232,0,01,013,0131,,
27481,08870961602,"AUTOCENTAR RAJKOVIĆ D.O.O.",43000,BJELOVAR,13.05.2021.,"372,64 kn","METLICE ZA SL. AUTOMOBIL OPEL ASTRA BJ-043-GP",3,32,322,3224,0,01,013,0131,,
27521,27759560625,"INA KARTICA INDUSTRIJA NAFTE D.D. ZAGREB,",10000,ZAGREB,20.05.2021.,"4.589,96 kn","INA KARTICA ZA 04/2021 - GORIVO ZA SL. AUTOMOBILE",3,32,322,3223,0,01,013,0131,,
27716,57500462912,"HRVATSKE AUTOCESTE D.O.O.",10000,ZAGREB,20.05.2021.,"1.799,98 kn","NADOPLATA ENC UREĐAJA ZA SLUŽBENA VOZILA GRADA BJELOVARA",3,32,321,3211,0,01,013,0131,,
27839,93692020864,"VAP  OBRT ZA VULKANIZACIJU -VL.HUSKIĆ HENIZ",43000,BJELOVAR,20.05.2021.,"1.440,00 kn","PRANJE I ČIŠĆENJE SL. AUTOMOBILA ZA 04/2021.",3,32,323,3239,0,01,013,0131,,
27845,99242039348,"AUTOLIMARSKI OBRT EURO-AUTO, VL. DARKO ROHER",43000,BJELOVAR,20.05.2021.,"5.750,00 kn","USL. VAĐENJA PANJEVA I BETONSKIH STUPOVA OGRADE, ODVOZ I ZBRINJAVANJE - MO PATKOVAC",3,32,323,3234,0,06,062,0620,,
27847,99681708224,"AGRAM TIS D.O.O. CVH STP EURODUHAN",43000,BJELOVAR,04.05.2021.,"326,84 kn","USL. TEHNIČKOG PREGLEDA PRI REGISTRACIJI SL. AUTOMOBILA BJ-043-GP",3,32,323,3239,0,01,013,0131,,
27848,99681708224,"AGRAM TIS D.O.O. CVH STP EURODUHAN",43000,BJELOVAR,04.05.2021.,"587,36 kn","USL. TEHNIČKOG PREGLEDA PRI REGISTRACIJI SL. AUTOMOBILA BJ-043-GP",3,32,323,3239,0,01,013,0131,,
27849,99681708224,"AGRAM TIS D.O.O. CVH STP EURODUHAN",43000,BJELOVAR,28.05.2021.,"326,84 kn","USL. TEHNIČKOG PREGLEDA PRI REGISTRACIJI SL. AUTOMOBILA BJ-584-DK",3,32,323,3239,0,01,013,0131,,
27850,99681708224,"AGRAM TIS D.O.O. CVH STP EURODUHAN",43000,BJELOVAR,28.05.2021.,"572,40 kn","USL. TEHNIČKOG PREGLEDA PRI REGISTRACIJI SL. AUTOMOBILA BJ-584-DK",3,32,323,3239,0,01,013,0131,,
28911,08870961602,"AUTOCENTAR RAJKOVIĆ D.O.O.",43000,BJELOVAR,16.06.2021.,"1.610,50 kn","SERVIS SL. AUTOMOBILA OPEL ASTRA BJ-584-DK",3,32,323,3232,0,01,013,0131,,
28912,08870961602,"AUTOCENTAR RAJKOVIĆ D.O.O.",43000,BJELOVAR,25.06.2021.,"6.618,34 kn","SERVIS SL. VOZILA OPEL VIVARO BJ-043-MT",3,32,323,3232,0,01,013,0131,,
28913,08870961602,"AUTOCENTAR RAJKOVIĆ D.O.O.",43000,BJELOVAR,30.06.2021.,"1.164,49 kn","SERVIS SL. AUTOMOBILA OPEL MERIVA BJ-310-EG",3,32,323,3232,0,01,013,0131,,
28935,19130560524,"TECHED SAVJETODAVNE USLUGE D.O.O.",10000,ZAGREB,14.06.2021.,"125.000,00 kn","USL. IZRADE I USPOSTAVE DIGITALNE PLATFORME ZA AUTOMATSKO OBUHVAĆANJE PODATAKA PUTEM WEB OBRAZACA",3,32,323,3237,0,01,013,0131,,
28963,27759560625,"INA KARTICA INDUSTRIJA NAFTE D.D. ZAGREB,",10000,ZAGREB,18.06.2021.,"4.732,27 kn","INA KARTICA ZA 05/2021 - GORIVO ZA SL. AUTOMOBILE",3,32,322,3223,0,01,013,0131,,
29055,33437375299,"AUTO CENTAR KOS D.O.O.",42000,VARAŽDIN,18.06.2021.,"794,54 kn","SERVIS SL. AUTOMOBILA RENAULT ZOE BJ-299-IE",3,32,323,3232,0,01,013,0131,,
29273,93692020864,"VAP  OBRT ZA VULKANIZACIJU -VL.HUSKIĆ HENIZ",43000,BJELOVAR,18.06.2021.,"2.665,00 kn","DEMONTAŽA, SKLADIŠTENJE I MONTAŽA GUMA NA SL. AUTOMOBILE",3,32,323,3232,0,01,013,0131,,
29274,93692020864,"VAP  OBRT ZA VULKANIZACIJU -VL.HUSKIĆ HENIZ",43000,BJELOVAR,18.06.2021.,"1.460,00 kn","PRANJE I ČIŠĆENJE SL. AUTOMOBILA ZA 05/2021.",3,32,323,3239,0,01,013,0131,,
29282,99681708224,"AGRAM TIS D.O.O. CVH STP EURODUHAN",43000,BJELOVAR,11.06.2021.,"330,61 kn","USL. TEHNIČKOG PREGLEDA PRI REGISTRACIJI SL. AUTOMOBILA BJ-043-GB",3,32,323,3239,0,01,013,0131,,
29283,99681708224,"AGRAM TIS D.O.O. CVH STP EURODUHAN",43000,BJELOVAR,11.06.2021.,"676,40 kn","USL. TEHNIČKOG PREGLEDA PRI REGISTRACIJI SL. AUTOMOBILA BJ-043-GB",3,32,323,3239,0,01,013,0131,,
29284,99681708224,"AGRAM TIS D.O.O. CVH STP EURODUHAN",43000,BJELOVAR,11.06.2021.,"317,45 kn","USL. TEHNIČKOG PREGLEDA PRI REGISTRACIJI SL. AUTOMOBILA (RENAULT ZOE) BJ-299-IE",3,32,323,3239,0,01,013,0131,,
30439,08870961602,"AUTOCENTAR RAJKOVIĆ D.O.O.",43000,BJELOVAR,30.07.2021.,"3.981,90 kn","SERVIS SL. AUTOMOBILA OPEL MERIVA BJ-310-EG",3,32,323,3232,0,01,013,0131,,
30467,22694857747,"EUROHERC OSIGURANJE D.D.",43000,BJELOVAR,28.07.2021.,"1.477,94 kn","OSNOVNO OSIGURANJE SL. AUTOMOBIL OPEL MERIVA BJ-310-EG OD 24.07.2021.-24.07.2022.",3,32,329,3292,0,01,013,0131,,
30504,27759560625,"INA KARTICA INDUSTRIJA NAFTE D.D. ZAGREB,",10000,ZAGREB,20.07.2021.,"8.821,59 kn","INA KARTICA ZA 06/2021 - GORIVO I CESTARINA ZA SL. AUTOMOBILE",3,32,322,3223,0,01,013,0131,,
30696,57500462912,"HRVATSKE AUTOCESTE D.O.O.",10000,ZAGREB,23.07.2021.,"3.913,00 kn","NADOPLATA ENC UREĐAJA ZA SLUŽBENA VOZILA GRADA BJELOVARA",3,32,321,3211,0,01,013,0131,,
30817,93692020864,"VAP  OBRT ZA VULKANIZACIJU -VL.HUSKIĆ HENIZ",43000,BJELOVAR,15.07.2021.,"1.580,00 kn","PRANJE I ČIŠĆENJE SL. AUTOMOBILA ZA 06/2021.",3,32,323,3239,0,01,013,0131,,
31107,08870961602,"AUTOCENTAR RAJKOVIĆ D.O.O.",43000,BJELOVAR,16.08.2021.,"1.908,15 kn","SERVIS SL. AUTOMOBILA OPEL ASTRA BJ-043-GP",3,32,323,3232,0,01,013,0131,,
31140,27759560625,"INA KARTICA INDUSTRIJA NAFTE D.D. ZAGREB,",10000,ZAGREB,19.08.2021.,"9.363,93 kn","INA KARTICA ZA 07/2021 - GORIVO I CESTARINA ZA SL. AUTOMOBILE",3,32,321,3211,0,01,013,0131,,
31241,37828020359,"PPK D.D. BJELOVAR",43000,BJELOVAR,25.08.2021.,"132,30 kn","VODA ZA SLUŽBENE AUTOMOBILE",3,32,329,3293,0,01,013,0131,,
31398,93692020864,"VAP  OBRT ZA VULKANIZACIJU -VL.HUSKIĆ HENIZ",43000,BJELOVAR,16.08.2021.,"1.440,00 kn","PRANJE I ČIŠĆENJE SL. AUTOMOBILA ZA 07/2021.",3,32,323,3239,0,01,013,0131,,
31403,99242039348,"AUTOLIMARSKI OBRT EURO-AUTO, VL. DARKO ROHER",43000,BJELOVAR,25.08.2021.,"2.688,00 kn","USLUGA KOŠNJE TRAVE - MO PATKOVAC",3,32,323,3234,0,06,062,0620,,
31513,08870961602,"AUTOCENTAR RAJKOVIĆ D.O.O.",43000,BJELOVAR,02.09.2021.,"1.028,08 kn","SERVIS SL. AUTOMOBILA OPEL MERIVA BJ-310-EG",3,32,323,3232,0,01,013,0131,,
31561,27759560625,"INA KARTICA INDUSTRIJA NAFTE D.D. ZAGREB,",10000,ZAGREB,17.09.2021.,"8.448,48 kn","INA KARTICA ZA 08/2021 - GORIVO ZA SL. AUTOMOBILE",3,32,322,3223,0,01,013,0131,,
31742,53540975485,"HAK-HRVATSKI AUTOKLUB",10010,"ZAGREB - SLOBOŠTINA",22.09.2021.,"320,00 kn","ČLANARINA HAK 2021. Z.VUJIĆ - MODEL OPTIMUM",3,32,329,3294,0,01,013,0131,,
31870,93692020864,"VAP  OBRT ZA VULKANIZACIJU -VL.HUSKIĆ HENIZ",43000,BJELOVAR,22.09.2021.,"1.230,00 kn","PRANJE I ČIŠĆENJE SL. AUTOMOBILA ZA 08/2021.",3,32,323,3239,0,01,013,0131,,
32252,399135546,"IVANČEK KREŠIMIR",43000,BJELOVAR,24.09.2021.,"703,76 kn","UKUPNI TROŠAK: AUTORSKI HONORAR -OBLIKOVANJE PRIZNANJA ZA DAN GRADA BJELOVARA 2021.",3,32,323,3237,6,62,620,620,,
32874,08870961602,"AUTOCENTAR RAJKOVIĆ D.O.O.",43000,BJELOVAR,06.10.2021.,"1.949,18 kn","SERVIS SL. AUTOMOBILA OPEL ASTRA BJ-043-GP",3,32,323,3232,0,01,013,0131,,
32944,27759560625,"INA KARTICA INDUSTRIJA NAFTE D.D. ZAGREB,",10000,ZAGREB,19.10.2021.,"10.472,16 kn","INA KARTICA ZA 09/2021 - GORIVO I CESTARINA ZA SL. AUTOMOBILE",3,32,321,3211,0,01,013,0131,,
33138,56668956985,"HRVATSKO DRUŠTVO SKLADATELJA",10000,ZAGREB,01.10.2021.,"550,48 kn","AUTORSKA NAKNADA ZA NASTUP NA JAZZICA FEST DANA 24.06.21. ZA NASTUP JAZZ CONTINUO",3,32,329,3299,0,08,082,0820,,
33139,56668956985,"HRVATSKO DRUŠTVO SKLADATELJA",10000,ZAGREB,01.10.2021.,"467,91 kn","AUTORSKA NAKNADA ZA NASTUP NA JAZZICA FEST DANA 25.06.21. ZA NASTUP FILIP PAVIĆ KVARTET",3,32,329,3299,0,08,082,0820,,
33140,56668956985,"HRVATSKO DRUŠTVO SKLADATELJA",10000,ZAGREB,01.10.2021.,"315,27 kn","AUTORSKA NAKNADA ZA NASTUP NA JAZZICA FEST DANA 26.06.21. ZA NASTUP BRUNO MIČETIĆ QUINTET",3,32,329,3299,0,08,082,0820,,
33141,56668956985,"HRVATSKO DRUŠTVO SKLADATELJA",10000,ZAGREB,01.10.2021.,"547,39 kn","AUTORSKA NAKNADA ZA NASTUP NA JAZZICA FEST DANA 27.06.21. ZA NASTUP BORNA ŠERCARS JAZZIANA CROATICA",3,32,329,3299,0,08,082,0820,,
33247,93692020864,"VAP  OBRT ZA VULKANIZACIJU -VL.HUSKIĆ HENIZ",43000,BJELOVAR,18.10.2021.,"390,00 kn","PRANJE I ČIŠĆENJE SL. AUTOMOBILA ZA 09/2021.",3,32,323,3239,0,01,013,0131,,
33253,96213733249,"AUTOKUĆA CUPAN D.O.O., TRGOVINA I PORAVAK MOTORNIH VOZILA",43211,PREDAVAC,12.10.2021.,"1.268,74 kn","SERVIS SLUŽBENOG VOZILA PASSAT BJ-043-GB",3,32,323,3232,0,01,013,0131,,
33255,99242039348,"AUTOLIMARSKI OBRT EURO-AUTO, VL. DARKO ROHER",43000,BJELOVAR,21.10.2021.,"2.688,00 kn","USLUGA KOŠNJE TRAVE - MO PATKOVAC",3,32,323,3234,0,06,062,0620,,
33693,27759560625,"INA KARTICA INDUSTRIJA NAFTE D.D. ZAGREB,",10000,ZAGREB,19.11.2021.,"13.598,28 kn","INA KARTICA ZA 10/2021 - GORIVO I CESTARINA ZA SL. AUTOMOBILE",3,32,321,3211,0,01,013,0131,,
33872,56668956985,"HRVATSKO DRUŠTVO SKLADATELJA",10000,ZAGREB,19.11.2021.,"315,27 kn","AUTORSKA NAKNADA ZA NASTUP NA BJELOVARSKOM KULTURNOM LJETU DANA 27.08.21. ZA NASTUP B(J)END",3,32,329,3299,0,08,082,0820,,
33873,56668956985,"HRVATSKO DRUŠTVO SKLADATELJA",10000,ZAGREB,19.11.2021.,"189,16 kn","AUTORSKA NAKNADA ZA NASTUP NA BJELOVARSKOM KULTURNOM LJETU DANA 20.08.21. ZA NASTUP NINA ČORIĆ",3,32,329,3299,0,08,082,0820,,
33874,56668956985,"HRVATSKO DRUŠTVO SKLADATELJA",10000,ZAGREB,19.11.2021.,"189,16 kn","AUTORSKA NAKNADA ZA NASTUP NA BJELOVARSKOM KULTURNOM LJETU DANA 04.09.21. ZA NASTUP K.A. ĐOPAR",3,32,329,3299,0,08,082,0820,,
33875,56668956985,"HRVATSKO DRUŠTVO SKLADATELJA",10000,ZAGREB,19.11.2021.,"315,27 kn","AUTORSKA NAKNADA ZA NASTUP NA BJELOVARSKOM KULTURNOM LJETU DANA 11.09.21. ZA NASTUP VOX FEMINAE",3,32,329,3299,0,08,082,0820,,
33876,56668956985,"HRVATSKO DRUŠTVO SKLADATELJA",10000,ZAGREB,19.11.2021.,"189,16 kn","AUTORSKA NAKNADA ZA NASTUP NA BJELOVARSKOM KULTURNOM LJETU DANA 21.08.21. ZA NASTUP IVANA GALIĆ",3,32,329,3299,0,08,082,0820,,
33877,56668956985,"HRVATSKO DRUŠTVO SKLADATELJA",10000,ZAGREB,19.11.2021.,"189,16 kn","AUTORSKA NAKNADA ZA NASTUP NA BJELOVARSKOM KULTURNOM LJETU DANA 31.07.21. ZA NASTUP LIKA KOLORADO",3,32,329,3299,0,08,082,0820,,
33878,56668956985,"HRVATSKO DRUŠTVO SKLADATELJA",10000,ZAGREB,19.11.2021.,"189,16 kn","AUTORSKA NAKNADA ZA NASTUP NA BJELOVARSKOM KULTURNOM LJETU DANA 03.07.21. ZA NASTUP IVAN GROBENSKI",3,32,329,3299,0,08,082,0820,,
33879,56668956985,"HRVATSKO DRUŠTVO SKLADATELJA",10000,ZAGREB,19.11.2021.,"330,29 kn","AUTORSKA NAKNADA ZA NASTUP NA BJELOVARSKOM KULTURNOM LJETU DANA 02.07.21. ZA NASTUP YOGI LONICH TRIO",3,32,329,3299,0,08,082,0820,,
33989,93692020864,"VAP  OBRT ZA VULKANIZACIJU -VL.HUSKIĆ HENIZ",43000,BJELOVAR,19.11.2021.,"4.720,00 kn","AUTOGUME (4 KOM) ZA SLUŽBENO VOZILO BJ-043-GB",3,32,322,3225,0,01,013,0131,,
33991,96213733249,"AUTOKUĆA CUPAN D.O.O., TRGOVINA I PORAVAK MOTORNIH VOZILA",43211,PREDAVAC,17.11.2021.,"224,96 kn","METLICE ZA SLUŽBENO VOZILO VW PASSAT BJ-043-GB",3,32,322,3224,0,01,013,0131,,
34400,08870961602,"AUTOCENTAR RAJKOVIĆ D.O.O.",43000,BJELOVAR,07.12.2021.,"4.098,99 kn","SERVIS SL. VOZILA OPEL VIVARO BJ-043-MT",3,32,323,3232,0,01,013,0131,,
34441,27759560625,"INA KARTICA INDUSTRIJA NAFTE D.D. ZAGREB,",10000,ZAGREB,17.12.2021.,"9.195,88 kn","INA KARTICA ZA 11/2021 - GORIVO I CESTARINA ZA SL. AUTOMOBILE",3,32,321,3211,0,01,013,0131,,
34778,93692020864,"VAP  OBRT ZA VULKANIZACIJU -VL.HUSKIĆ HENIZ",43000,BJELOVAR,28.12.2021.,"2.850,00 kn","PRANJE I ČIŠĆENJE SL. AUTOMOBILA ZA 11/2021. I DEMONTAŽA, SKLADIŠTENJE I MONTAŽA GUMA NA SL. VOZILA",3,32,323,3239,0,01,013,0131,,
35130,08870961602,"AUTOCENTAR RAJKOVIĆ D.O.O.",43000,BJELOVAR,18.01.2022.,"6.241,06 kn","SERVIS SL. VOZILA OPEL VIVARO BJ-043-MT",3,32,323,3232,0,01,013,0131,,
35177,31147921878,"IKARPLAST D.O.O.",51260,CRIKVENICA,04.01.2022.,"326,84 kn","USL. TEHNIČKOG PREGLEDA PRI REGISTRACIJI SL. AUTOMOBILA BJ-965-DR",3,32,323,3239,0,01,013,0131,,
35178,31147921878,"IKARPLAST D.O.O.",51260,CRIKVENICA,04.01.2022.,"592,35 kn","USL. TEHNIČKOG PREGLEDA PRI REGISTRACIJI SL. AUTOMOBILA BJ-965-DR",3,32,323,3239,0,01,013,0131,,
35222,99681708224,"AGRAM TIS D.O.O. CVH STP EURODUHAN",43000,BJELOVAR,27.01.2022.,"99,65 kn","PRIJENOS VLASNIŠTVA AUTOMOBILA S POK. B. ŠIMIĆA NA GRAD BJELOVAR TEMELJEM RJEŠENJA O NASLJEĐIVANJU",3,32,329,3299,0,01,013,0131,,
35359,03818826484,"LOVRIĆ DAVOR",43000,"BJELOVAR ",28.01.2022.,"17.741,70 kn","AUTORSKI HONORAR - KONCERT  NOVA GODINA",3,32,323,3237,0,08,082,0820,,
35632,20877680566,"AUTO LUKA D.O.O.",43000,BJELOVAR,11.02.2022.,"5.675,49 kn","USLUGA POPRAVKA (ZAMJENE) PREDNJEG VJETROBRANSKOG STAKLA NA SL. VOZLU WV PASSAT BJ-043-GB",3,32,323,3232,0,01,013,0131,,
35642,27541270870,"VAP - OBRT ZA VULKANIZACIJU, AUTOMEHANIKU, PRANJE I TRGOVINU, VL. HUSKIĆ AMEL",43000,BJELOVAR,21.02.2022.,"420,00 kn","PRANJE I ČIŠĆENJE SL. AUTOMOBILA ZA 01/2022.",3,32,323,3239,0,01,013,0131,,
35643,27759560625,"INA KARTICA INDUSTRIJA NAFTE D.D. ZAGREB,",10000,ZAGREB,18.02.2022.,"6.072,14 kn","INA KARTICA ZA 01/2022 - GORIVO ZA SL. AUTOMOBILE",3,32,322,3223,0,01,013,0131,,
35869,96213733249,"AUTOKUĆA CUPAN D.O.O., TRGOVINA I PORAVAK MOTORNIH VOZILA",43211,PREDAVAC,25.02.2022.,"2.934,54 kn","SERVIS SL. VOZILA VW PASSAT BJ-043-GB",3,32,323,3232,0,01,013,0131,,
36400,22694857747,"EUROHERC OSIGURANJE D.D.",43000,BJELOVAR,15.03.2022.,"2.200,00 kn","OSNOVNO OSIGURANJE SL. AUTOMOBIL BJ-219-GA  06.03.2022.-06.03.2023.",3,32,329,3292,0,01,013,0131,,
36411,27541270870,"VAP - OBRT ZA VULKANIZACIJU, AUTOMEHANIKU, PRANJE I TRGOVINU, VL. HUSKIĆ AMEL",43000,BJELOVAR,15.03.2022.,"350,00 kn","PRANJE I ČIŠĆENJE SL. AUTOMOBILA ZA 02/2022.",3,32,323,3239,0,01,013,0131,,
36413,27759560625,"INA KARTICA INDUSTRIJA NAFTE D.D. ZAGREB,",10000,ZAGREB,18.03.2022.,"9.856,49 kn","INA KARTICA ZA 02/2022 - GORIVO ZA SL. AUTOMOBILE",3,32,322,3223,0,01,013,0131,,
37236,08870961602,"AUTOCENTAR RAJKOVIĆ D.O.O.",43000,BJELOVAR,22.04.2022.,"564,26 kn","SERVIS SL. VOZILA OPEL VIVARO BJ-043-MT",3,32,323,3232,0,01,013,0131,,
37301,27541270870,"VAP - OBRT ZA VULKANIZACIJU, AUTOMEHANIKU, PRANJE I TRGOVINU, VL. HUSKIĆ AMEL",43000,BJELOVAR,15.04.2022.,"1.400,00 kn","PRANJE I ČIŠĆENJE SL. AUTOMOBILA I VULKANIZERSKE USL. ZA 03/2022.",3,32,323,3239,0,01,013,0131,,
37302,27541270870,"VAP - OBRT ZA VULKANIZACIJU, AUTOMEHANIKU, PRANJE I TRGOVINU, VL. HUSKIĆ AMEL",43000,BJELOVAR,29.04.2022.,"9.760,00 kn","AUTOGUME (8 KOM) ZA SLUŽBENA VOZILA BJ-043-GB I BJ-043-MT",3,32,322,3225,0,01,013,0131,,
37304,27759560625,"INA KARTICA INDUSTRIJA NAFTE D.D. ZAGREB,",10000,ZAGREB,19.04.2022.,"13.703,63 kn","INA KARTICA ZA 03/2022 - GORIVO I CESTARINA ZA SL. AUTOMOBILE",3,32,321,3211,0,01,013,0131,,
37399,37828020359,"PPK D.D. BJELOVAR",43000,BJELOVAR,01.04.2022.,"71,85 kn","VODA ZA SLUŽBENE AUTOMOBILE",3,32,329,3293,0,01,013,0131,,
37614,99681708224,"AGRAM TIS D.O.O. CVH STP EURODUHAN",43000,BJELOVAR,29.04.2022.,"326,84 kn","USL. TEHNIČKOG PREGLEDA PRI REGISTRACIJI SL. AUTOMOBILA BJ-043-GP",3,32,323,3239,0,01,013,0131,,
37615,99681708224,"AGRAM TIS D.O.O. CVH STP EURODUHAN",43000,BJELOVAR,29.04.2022.,"587,36 kn","USL. TEHNIČKOG PREGLEDA PRI REGISTRACIJI SL. AUTOMOBILA BJ-043-GP",3,32,323,3239,0,01,013,0131,,
38012,27541270870,"VAP - OBRT ZA VULKANIZACIJU, AUTOMEHANIKU, PRANJE I TRGOVINU, VL. HUSKIĆ AMEL",43000,BJELOVAR,13.05.2022.,"950,00 kn","PRANJE I ČIŠĆENJE SL. AUTOMOBILA ZA 04/2022.",3,32,323,3239,0,01,013,0131,,
38013,27541270870,"VAP - OBRT ZA VULKANIZACIJU, AUTOMEHANIKU, PRANJE I TRGOVINU, VL. HUSKIĆ AMEL",43000,BJELOVAR,13.05.2022.,"2.980,00 kn","VULKANIZERSKE USLUGE ZA 04/2022.",3,32,323,3232,0,01,013,0131,,
38015,27759560625,"INA KARTICA INDUSTRIJA NAFTE D.D. ZAGREB,",10000,ZAGREB,19.05.2022.,"10.744,82 kn","INA KARTICA ZA 04/2022 - GORIVO I CESTARINA ZA SL. AUTOMOBILE",3,32,321,3211,0,01,013,0131,,
38315,96213733249,"AUTOKUĆA CUPAN D.O.O., TRGOVINA I PORAVAK MOTORNIH VOZILA",43211,PREDAVAC,17.05.2022.,"1.061,28 kn","SERVIS SL. VOZILA VW PASSAT BJ-043-GB",3,32,323,3232,0,01,013,0131,,
38316,96213733249,"AUTOKUĆA CUPAN D.O.O., TRGOVINA I PORAVAK MOTORNIH VOZILA",43211,PREDAVAC,19.05.2022.,"265,16 kn","SERVIS SL. VOZILA VW PASSAT BJ-043-GB",3,32,323,3232,0,01,013,0131,,
38319,99681708224,"AGRAM TIS D.O.O. CVH STP EURODUHAN",43000,BJELOVAR,24.05.2022.,"326,84 kn","USL. TEHNIČKOG PREGLEDA PRI REGISTRACIJI SL. AUTOMOBILA BJ-584-DK",3,32,323,3239,0,01,013,0131,,
38320,99681708224,"AGRAM TIS D.O.O. CVH STP EURODUHAN",43000,BJELOVAR,24.05.2022.,"572,40 kn","USL. TEHNIČKOG PREGLEDA PRI REGISTRACIJI SL. AUTOMOBILA BJ-584-DK",3,32,323,3239,0,01,013,0131,,
38879,08870961602,"AUTOCENTAR RAJKOVIĆ D.O.O.",43000,BJELOVAR,02.06.2022.,"1.734,86 kn","SERVIS SL. AUTOMOBILA OPEL ASTRA BJ-584-DK",3,32,323,3232,0,01,013,0131,,
38880,08870961602,"AUTOCENTAR RAJKOVIĆ D.O.O.",43000,BJELOVAR,07.06.2022.,"900,00 kn","SERVIS SL. VOZILA OPEL VIVARO BJ-043-MT",3,32,323,3232,0,01,013,0131,,
38925,27541270870,"VAP - OBRT ZA VULKANIZACIJU, AUTOMEHANIKU, PRANJE I TRGOVINU, VL. HUSKIĆ AMEL",43000,BJELOVAR,15.06.2022.,"755,00 kn","PRANJE I ČIŠĆENJE SL. AUTOMOBILA ZA 05/2022.",3,32,323,3239,0,01,013,0131,,
38927,27759560625,"INA KARTICA INDUSTRIJA NAFTE D.D. ZAGREB,",10000,ZAGREB,17.06.2022.,"19.682,29 kn","INA KARTICA ZA 05/2022 - GORIVO I CESTARINA ZA SL. AUTOMOBILE",3,32,321,3211,0,01,013,0131,,
39135,57500462912,"HRVATSKE AUTOCESTE D.O.O.",10000,ZAGREB,02.06.2022.,"3.913,00 kn","NADOPLATA ENC UREĐAJA ZA SLUŽBENA VOZILA GRADA BJELOVARA - KOMBI VOZILA",3,32,321,3211,0,01,013,0131,,
39136,57500462912,"HRVATSKE AUTOCESTE D.O.O.",10000,ZAGREB,02.06.2022.,"2.347,80 kn","NADOPLATA ENC UREĐAJA ZA SLUŽBENA VOZILA GRADA BJELOVARA - OSOBNA VOZILA",3,32,321,3211,0,01,013,0131,,
39264,99242039348,"AUTOLIMARSKI OBRT EURO-AUTO, VL. DARKO ROHER",43000,BJELOVAR,03.06.2022.,"1.980,00 kn","RAZNI RADOVI NA ODRŽAVANJU MO PATKOVAC",3,32,323,3232,0,06,062,0620,,
39265,99242039348,"AUTOLIMARSKI OBRT EURO-AUTO, VL. DARKO ROHER",43000,BJELOVAR,03.06.2022.,"2.478,00 kn","USLUGA KOŠNJE TRAVE - MO PATKOVAC",3,32,323,3234,0,06,062,0620,,
39268,99681708224,"AGRAM TIS D.O.O. CVH STP EURODUHAN",43000,BJELOVAR,09.06.2022.,"317,45 kn","USL. TEHNIČKOG PREGLEDA PRI REGISTRACIJI SL. AUTOMOBILA (RENAULT ZOE) BJ-299-IE",3,32,323,3239,0,01,013,0131,,
39269,99681708224,"AGRAM TIS D.O.O. CVH STP EURODUHAN",43000,BJELOVAR,09.06.2022.,"202,39 kn","USL. TEHNIČKOG PREGLEDA PRI REGISTRACIJI SL. AUTOMOBILA (RENAULT ZOE) BJ-299-IE",3,32,323,3239,0,01,013,0131,,
39565,44900376747,"ŽMIRIĆ ZORAN",51000,RIJEKA,22.07.2022.,"1.557,83 kn","UKUPNI TROŠAK: AUTORSKI HONORAR - BJELOVARSKO KULTURNO LJETO",3,32,32,32,0,08,082,082,,
39566,93914953737,"BANIĆ LUKA",10000,ZAGREB,22.07.2022.,"4.811,38 kn","UKUPNI TROŠAK: AUTORSKI HONORAR - BJELOVARSKO KULTURNO LJETO",3,32,32,32,0,08,082,082,,
39567,54027311601,"TOTH SANDRO",43000,BJELOVAR,25.07.2022.,"1.963,62 kn","UKUPNI TROŠAK: AUTORSKI HONORAR - BJELOVARSKO KULTURNO LJETO",3,32,32,32,0,08,082,082,,
39568,13352142526,"PERKOVIĆ ANA",43000,BJELOVAR,27.07.2022.,"3.927,23 kn","UKUPNI TROŠAK: AUTORSKI HONORAR - BJELOVARSKO KULTURNO LJETO",3,32,32,32,0,08,082,082,,
39708,08870961602,"AUTOCENTAR RAJKOVIĆ D.O.O.",43000,BJELOVAR,12.07.2022.,"16.988,04 kn","USL. POPRAVKA SL. AUTOMOBILA VW PASSAT BJ-043-GB - PROMETNA NEZGODA",3,32,323,3232,0,01,013,0131,,
39709,08870961602,"AUTOCENTAR RAJKOVIĆ D.O.O.",43000,BJELOVAR,18.07.2022.,"3.247,81 kn","SERVIS SL. VOZILA OPEL VIVARO BJ-043-MT",3,32,323,3232,0,01,013,0131,,
39739,20877680566,"AUTO LUKA D.O.O.",43000,BJELOVAR,04.07.2022.,"2.508,45 kn","USLUGA POPRAVKA (ZAMJENE) PREDNJEG VJETROBRANSKOG STAKLA NA SL. KOMBI VOZILU OPEL VIVARO BJ-043-MT",3,32,323,3232,0,01,013,0131,,
39779,27541270870,"VAP - OBRT ZA VULKANIZACIJU, AUTOMEHANIKU, PRANJE I TRGOVINU, VL. HUSKIĆ AMEL",43000,BJELOVAR,15.07.2022.,"1.100,00 kn","PRANJE I ČIŠĆENJE SL. AUTOMOBILA ZA 06/2022.",3,32,323,3239,0,01,013,0131,,
39781,27759560625,"INA KARTICA INDUSTRIJA NAFTE D.D. ZAGREB,",10000,ZAGREB,19.07.2022.,"9.629,07 kn","INA KARTICA ZA 06/2022 - GORIVO ZA SL. AUTOMOBILE",3,32,322,3223,0,01,013,0131,,
39883,37828020359,"PPK D.D. BJELOVAR",43000,BJELOVAR,04.07.2022.,"291,00 kn","VODA JANA 0,5l (48 KOM) ZA SLUŽBENE AUTOMOBILE",3,32,329,3293,0,01,013,0131,,
40093,88299555036,"AUTOSERVIS BMD vl. Bernard Dražić",51253,BRIBIR,08.07.2022.,"740,00 kn","SERVIS SL. AUTOMOBILA OPEL ASTRA BJ-965-DR",3,32,323,3232,0,01,013,0131,,
40094,88299555036,"AUTOSERVIS BMD vl. Bernard Dražić",51253,BRIBIR,27.07.2022.,"1.195,00 kn","SERVIS SL. AUTOMOBILA OPEL ASTRA BJ-965-DR",3,32,323,3232,0,01,013,0131,,
40126,99242039348,"AUTOLIMARSKI OBRT EURO-AUTO, VL. DARKO ROHER",43000,BJELOVAR,14.07.2022.,"2.478,00 kn","USLUGA KOŠNJE TRAVE - MO PATKOVAC",3,32,323,3234,0,06,062,0620,,
40127,99242039348,"AUTOLIMARSKI OBRT EURO-AUTO, VL. DARKO ROHER",43000,BJELOVAR,20.07.2022.,"5.775,00 kn","USL. ISKOPA PANJEVA NA ZELENOJ POVRŠINI I SANIRANJE JAVNE POVRŠINE KOD MO PATKOVAC",3,32,323,3232,0,06,065,0650,,
40415,27541270870,"VAP - OBRT ZA VULKANIZACIJU, AUTOMEHANIKU, PRANJE I TRGOVINU, VL. HUSKIĆ AMEL",43000,BJELOVAR,18.08.2022.,"870,00 kn","PRANJE I ČIŠĆENJE SL. AUTOMOBILA ZA 07/2022.",3,32,323,3239,0,01,013,0131,,
40417,27759560625,"INA KARTICA INDUSTRIJA NAFTE D.D. ZAGREB,",10000,ZAGREB,18.08.2022.,"17.859,72 kn","INA KARTICA ZA 07/2022 - GORIVO ZA SL. AUTOMOBILE",3,32,322,3223,0,01,013,0131,,
40513,37828020359,"PPK D.D. BJELOVAR",43000,BJELOVAR,26.08.2022.,"72,75 kn","VODA JANA 0,5l (12 KOM) ZA SLUŽBENE AUTOMOBILE",3,32,329,3293,0,01,013,0131,,
40606,56668956985,"HRVATSKO DRUŠTVO SKLADATELJA",10000,ZAGREB,08.08.2022.,"686,48 kn","AUTORSKA NAKNADA ZA NASTUP NA JAZZICA FEST DANA 01.07.22. ZA NASTUP ZVJEZDAN RUŽIĆ",3,32,329,3299,0,08,082,0820,,
40607,56668956985,"HRVATSKO DRUŠTVO SKLADATELJA",10000,ZAGREB,08.08.2022.,"1.029,71 kn","AUTORSKA NAKNADA ZA NASTUP NA JAZZICA FEST DANA 02.07.22. ZA NASTUP TAMARA OBROVAC",3,32,329,3299,0,08,082,0820,,
40608,56668956985,"HRVATSKO DRUŠTVO SKLADATELJA",10000,ZAGREB,08.08.2022.,"572,06 kn","AUTORSKA NAKNADA ZA NASTUP NA JAZZICA FEST DANA 03.07.22. ZA NASTUP DADO MARINKOVIĆ",3,32,329,3299,0,08,082,0820,,
40609,56668956985,"HRVATSKO DRUŠTVO SKLADATELJA",10000,ZAGREB,08.08.2022.,"440,38 kn","AUTORSKA NAKNADA ZA NASTUP NA JAZZICA FEST DANA 30.06.22. ZA NASTUP ŠESTAK GROOVE ASSEMBLY",3,32,329,3299,0,08,082,0820,,
40698,96213733249,"AUTOKUĆA CUPAN D.O.O., TRGOVINA I PORAVAK MOTORNIH VOZILA",43211,PREDAVAC,09.08.2022.,"1.512,20 kn","SERVIS SL. VOZILA VW PASSAT BJ-043-GB",3,32,323,3232,0,01,013,0131,,
40701,99242039348,"AUTOLIMARSKI OBRT EURO-AUTO, VL. DARKO ROHER",43000,BJELOVAR,11.08.2022.,"2.478,00 kn","USLUGA KOŠNJE TRAVE - MO PATKOVAC",3,32,323,3234,0,06,062,0620,,
41322,08870961602,"AUTOCENTAR RAJKOVIĆ D.O.O.",43000,BJELOVAR,14.09.2022.,"2.387,73 kn","SERVIS SL. AUTOMOBILA BJ043GP",3,32,323,3232,0,01,013,0131,,
41323,08870961602,"AUTOCENTAR RAJKOVIĆ D.O.O.",43000,BJELOVAR,14.09.2022.,"1.872,40 kn","SERVIS SL. AUTOMOBILA BJ219 GA",3,32,323,3232,0,01,013,0131,,
41324,08870961602,"AUTOCENTAR RAJKOVIĆ D.O.O.",43000,BJELOVAR,27.09.2022.,"2.016,85 kn","SERVIS SL. VOZILA OPEL VIVARO BJ-043-MT",3,32,323,3232,0,01,013,0131,,
41360,27541270870,"VAP - OBRT ZA VULKANIZACIJU, AUTOMEHANIKU, PRANJE I TRGOVINU, VL. HUSKIĆ AMEL",43000,BJELOVAR,15.09.2022.,"800,00 kn","PRANJE I ČIŠĆENJE SL. AUTOMOBILA ZA 08/2022.",3,32,323,3239,0,01,013,0131,,
41362,27759560625,"INA KARTICA INDUSTRIJA NAFTE D.D. ZAGREB,",10000,ZAGREB,20.09.2022.,"9.157,04 kn","INA KARTICA ZA 08/2022 - GORIVO I CESTARINA ZA SL. AUTOMOBILE",3,32,321,3211,0,01,013,0131,,
41666,78133469437,"DOORSON D.O.O.",10000,ZAGREB,01.09.2022.,"48.010,00 kn","RADOVI IZRADE I UGRADNJE AUTOMATSKIH KLIZNIH VRATA U ZGRADU IV. OŠ BJELOVAR PPO",4,45,451,4511,0,09,091,0912,,
41669,79991880130,"JAVNA VATROGASNA POSTROJBA GRADA BJELOVARA",43000,BJELOVAR,13.09.2022.,"3.072,60 kn","PERIODIČNI SERVIS APARATA ZA GAŠENJE - GRADSKA UPRAVA I SL. AUTOMOBILI",3,32,323,3233,0,01,013,0131,,
41984,399135546,"IVANČEK KREŠIMIR",43000,BJELOVAR,07.10.2022.,"894,18 kn","UKUPNI TROŠAK: AUTORSKI HONORAR -OBLIKOVANJE PRIZNANJA ZA DAN GRADA BJELOVARA 2022.",3,32,323,3237,6,62,620,620,,
41986,55862593994,"ERGOTIĆ DARKO",31400,ĐAKOVO,17.10.2022.,"26.985,06 kn","UKUPNI TROŠAK: AUTORSKI HONORAR - ZA DAN GRADA BJELOVARA 2022.",3,32,323,3237,6,62,620,620,,
42232,27541270870,"VAP - OBRT ZA VULKANIZACIJU, AUTOMEHANIKU, PRANJE I TRGOVINU, VL. HUSKIĆ AMEL",43000,BJELOVAR,24.10.2022.,"1.140,00 kn","PRANJE I ČIŠĆENJE SL. AUTOMOBILA ZA 09/2022.",3,32,323,3239,0,01,013,0131,,
42234,27759560625,"INA KARTICA INDUSTRIJA NAFTE D.D. ZAGREB,",10000,ZAGREB,20.10.2022.,"11.671,53 kn","INA KARTICA ZA 09/2022 - GORIVO I CESTARINA ZA SL. AUTOMOBILE",3,32,321,3211,0,01,013,0131,,
42323,56668956985,"HRVATSKO DRUŠTVO SKLADATELJA",10000,ZAGREB,04.10.2022.,"572,06 kn","AUTORSKA NAKNADA ZAMP  - KULTURNO LJETO - NORMAN BAKER",3,32,323,3239,0,08,082,0820,,
42324,56668956985,"HRVATSKO DRUŠTVO SKLADATELJA",10000,ZAGREB,04.10.2022.,"320,36 kn","AUTORSKA NAKNADA ZAMP  - KULTURNO LJETO - KONCERT ZEBAS",3,32,323,3239,0,08,082,0820,,
42325,56668956985,"HRVATSKO DRUŠTVO SKLADATELJA",10000,ZAGREB,04.10.2022.,"228,83 kn","AUTORSKA NAKNADA ZAMP  - KULTURNO LJETO - KONCERT KEOPS",3,32,323,3239,0,08,082,0820,,
42326,56668956985,"HRVATSKO DRUŠTVO SKLADATELJA",10000,ZAGREB,04.10.2022.,"320,36 kn","AUTORSKA NAKNADA ZAMP  - KULTURNO LJETO - NASTUP ZUBIĆ VILA",3,32,323,3239,0,08,082,0820,,
42327,56668956985,"HRVATSKO DRUŠTVO SKLADATELJA",10000,ZAGREB,04.10.2022.,"320,36 kn","AUTORSKA NAKNADA ZAMP  - KULTURNO LJETO - KONCERT PREZZIDENT",3,32,323,3239,0,08,082,0820,,
42328,56668956985,"HRVATSKO DRUŠTVO SKLADATELJA",10000,ZAGREB,04.10.2022.,"320,36 kn","AUTORSKA NAKNADA ZAMP  - KULTURNO LJETO - KONCER VOX FEMINAE",3,32,323,3239,0,08,082,0820,,
42329,56668956985,"HRVATSKO DRUŠTVO SKLADATELJA",10000,ZAGREB,04.10.2022.,"192,21 kn","AUTORSKA NAKNADA ZAMP  - KULTURNO LJETO - KONCERT HOTEL KORZO",3,32,323,3239,0,08,082,0820,,
42330,56668956985,"HRVATSKO DRUŠTVO SKLADATELJA",10000,ZAGREB,04.10.2022.,"192,21 kn","AUTORSKA NAKNADA ZAMP  - KULTURNO LJETO - KONCERT BRUNO ACOUSTIC",3,32,323,3239,0,08,082,0820,,
42331,56668956985,"HRVATSKO DRUŠTVO SKLADATELJA",10000,ZAGREB,04.10.2022.,"192,21 kn","AUTORSKA NAKNADA ZAMP  - KULTURNO LJETO - KONCERT ROTER IGEL TRIO",3,32,323,3239,0,08,082,0820,,
42332,56668956985,"HRVATSKO DRUŠTVO SKLADATELJA",10000,ZAGREB,04.10.2022.,"320,36 kn","AUTORSKA NAKNADA ZAMP  - KULTURNO LJETO - KONCERT SCREAMING WHEELS",3,32,323,3239,0,08,082,0820,,
42333,56668956985,"HRVATSKO DRUŠTVO SKLADATELJA",10000,ZAGREB,04.10.2022.,"192,21 kn","AUTORSKA NAKNADA ZAMP  - KULTURNO LJETO - KOMORNI ORKESTAR SPLITSKI VIRTUOZI",3,32,323,3239,0,08,082,0820,,
42334,56668956985,"HRVATSKO DRUŠTVO SKLADATELJA",10000,ZAGREB,04.10.2022.,"192,21 kn","AUTORSKA NAKNADA ZAMP  - KULTURNO LJETO - KONCERT VEDRAN MILIĆ I NEVEN ŠVERKO",3,32,323,3239,0,08,082,0820,,
42335,56668956985,"HRVATSKO DRUŠTVO SKLADATELJA",10000,ZAGREB,04.10.2022.,"320,36 kn","AUTORSKA NAKNADA ZAMP  - KULTURNO LJETO - 5. RAZGLEDNICA ZAJEDNICE UDRUGA U KULTURI",3,32,323,3239,0,08,082,0820,,
42336,56668956985,"HRVATSKO DRUŠTVO SKLADATELJA",10000,ZAGREB,04.10.2022.,"192,21 kn","AUTORSKA NAKNADA ZAMP  - KULTURNO LJETO - KONCERT ČEŠKA OBEC I BJELOVARSKI SLAVUJI FAKINI",3,32,323,3239,0,08,082,0820,,
42337,57500462912,"HRVATSKE AUTOCESTE D.O.O.",10000,ZAGREB,18.10.2022.,"3.913,00 kn","NADOPLATA ENC UREĐAJA ZA SLUŽBENA VOZILA GRADA BJELOVARA - KOMBI VOZILA",3,32,321,3211,0,01,013,0131,,
42544,84583575257,"POSARIĆ ANDREA",43000,BJELOVAR,11.10.2022.,"826,00 kn","PN.447/22.-KONFERENCIJA EU FONDOVI 2021.-2027.,NAKNADA ZA KOR.PRIV.AUTOMOBILA U SL.SVRHE",3,32,321,3214,0,01,013,0131,,
